level,name,path,branchId,href
"1","Accessories and miscellaneous","Accessories and miscellaneous","1094","#/schemas?catalogId=toyota&carId=e7d85f26096e62e1043384648ec63342&criteria=62%2aJTMDF9EV5DD037942%21c16f6b53%24540W%7DZ07%5E4%3CFA40%3E1F7&q=JTMDF9EV5DD037942&branchId=1094"
"2","Towing, cargo holder","Accessories and miscellaneous > Towing, cargo holder","1099","#/schemas?catalogId=toyota&carId=e7d85f26096e62e1043384648ec63342&criteria=62%2aJTMDF9EV5DD037942%21c16f6b53%24540W%7DZ07%5E4%3CFA40%3E1F7&q=JTMDF9EV5DD037942&branchId=1099"
"2","Deflectors, mudguards, moldings","Accessories and miscellaneous > Deflectors, mudguards, moldings","1110","#/schemas?catalogId=toyota&carId=e7d85f26096e62e1043384648ec63342&criteria=62%2aJTMDF9EV5DD037942%21c16f6b53%24540W%7DZ07%5E4%3CFA40%3E1F7&q=JTMDF9EV5DD037942&branchId=1110"
"2","Information signs, decals","Accessories and miscellaneous > Information signs, decals","1125","#/schemas?catalogId=toyota&carId=e7d85f26096e62e1043384648ec63342&criteria=62%2aJTMDF9EV5DD037942%21c16f6b53%24540W%7DZ07%5E4%3CFA40%3E1F7&q=JTMDF9EV5DD037942&branchId=1125"
"3","Caution plate","Accessories and miscellaneous > Information signs, decals > Caution plate","MPCfm7BNaVB3bjVxQU1EQXo4Si1hZ1RjME5qQTFPVUXwn5CTMTEyNQ","#/schemas?catalogId=toyota&carId=e7d85f26096e62e1043384648ec63342&criteria=62%2aJTMDF9EV5DD037942%21c16f6b53%24540W%7DZ07%5E4%3CFA40%3E1F7&q=JTMDF9EV5DD037942&branchId=MPCfm7BNaVB3bjVxQU1EQXo4Si1hZ1RjME5qQTFPVUXwn5CTMTEyNQ"
"2","Security, anti-theft alarm system","Accessories and miscellaneous > Security, anti-theft alarm system","1100","#/schemas?catalogId=toyota&carId=e7d85f26096e62e1043384648ec63342&criteria=62%2aJTMDF9EV5DD037942%21c16f6b53%24540W%7DZ07%5E4%3CFA40%3E1F7&q=JTMDF9EV5DD037942&branchId=1100"
"1","Maintenance parts","Maintenance parts","547","#/schemas?catalogId=toyota&carId=e7d85f26096e62e1043384648ec63342&criteria=62%2aJTMDF9EV5DD037942%21c16f6b53%24540W%7DZ07%5E4%3CFA40%3E1F7&q=JTMDF9EV5DD037942&branchId=547"
"2","Filters","Maintenance parts > Filters","767","#/schemas?catalogId=toyota&carId=e7d85f26096e62e1043384648ec63342&criteria=62%2aJTMDF9EV5DD037942%21c16f6b53%24540W%7DZ07%5E4%3CFA40%3E1F7&q=JTMDF9EV5DD037942&branchId=767"
"2","Lamps","Maintenance parts > Lamps","1120","#/schemas?catalogId=toyota&carId=e7d85f26096e62e1043384648ec63342&criteria=62%2aJTMDF9EV5DD037942%21c16f6b53%24540W%7DZ07%5E4%3CFA40%3E1F7&q=JTMDF9EV5DD037942&branchId=1120"
"2","Wipers","Maintenance parts > Wipers","788","#/schemas?catalogId=toyota&carId=e7d85f26096e62e1043384648ec63342&criteria=62%2aJTMDF9EV5DD037942%21c16f6b53%24540W%7DZ07%5E4%3CFA40%3E1F7&q=JTMDF9EV5DD037942&branchId=788"
"2","Ignition, glow plugs","Maintenance parts > Ignition, glow plugs","610","#/schemas?catalogId=toyota&carId=e7d85f26096e62e1043384648ec63342&criteria=62%2aJTMDF9EV5DD037942%21c16f6b53%24540W%7DZ07%5E4%3CFA40%3E1F7&q=JTMDF9EV5DD037942&branchId=610"
"2","Brake shoes","Maintenance parts > Brake shoes","611","#/schemas?catalogId=toyota&carId=e7d85f26096e62e1043384648ec63342&criteria=62%2aJTMDF9EV5DD037942%21c16f6b53%24540W%7DZ07%5E4%3CFA40%3E1F7&q=JTMDF9EV5DD037942&branchId=611"
"2","Brake disc, drum","Maintenance parts > Brake disc, drum","776","#/schemas?catalogId=toyota&carId=e7d85f26096e62e1043384648ec63342&criteria=62%2aJTMDF9EV5DD037942%21c16f6b53%24540W%7DZ07%5E4%3CFA40%3E1F7&q=JTMDF9EV5DD037942&branchId=776"
"2","Tools","Maintenance parts > Tools","961","#/schemas?catalogId=toyota&carId=e7d85f26096e62e1043384648ec63342&criteria=62%2aJTMDF9EV5DD037942%21c16f6b53%24540W%7DZ07%5E4%3CFA40%3E1F7&q=JTMDF9EV5DD037942&branchId=961"
"3","Crescent, box-ended, socket wrenches","Maintenance parts > Tools > Crescent, box-ended, socket wrenches","1145","#/schemas?catalogId=toyota&carId=e7d85f26096e62e1043384648ec63342&criteria=62%2aJTMDF9EV5DD037942%21c16f6b53%24540W%7DZ07%5E4%3CFA40%3E1F7&q=JTMDF9EV5DD037942&branchId=1145"
"3","Pliers","Maintenance parts > Tools > Pliers","1148","#/schemas?catalogId=toyota&carId=e7d85f26096e62e1043384648ec63342&criteria=62%2aJTMDF9EV5DD037942%21c16f6b53%24540W%7DZ07%5E4%3CFA40%3E1F7&q=JTMDF9EV5DD037942&branchId=1148"
"3","Screwdrivers","Maintenance parts > Tools > Screwdrivers","1146","#/schemas?catalogId=toyota&carId=e7d85f26096e62e1043384648ec63342&criteria=62%2aJTMDF9EV5DD037942%21c16f6b53%24540W%7DZ07%5E4%3CFA40%3E1F7&q=JTMDF9EV5DD037942&branchId=1146"
"3","Impact tools","Maintenance parts > Tools > Impact tools","1151","#/schemas?catalogId=toyota&carId=e7d85f26096e62e1043384648ec63342&criteria=62%2aJTMDF9EV5DD037942%21c16f6b53%24540W%7DZ07%5E4%3CFA40%3E1F7&q=JTMDF9EV5DD037942&branchId=1151"
"3","Lifting, supporting tools","Maintenance parts > Tools > Lifting, supporting tools","1160","#/schemas?catalogId=toyota&carId=e7d85f26096e62e1043384648ec63342&criteria=62%2aJTMDF9EV5DD037942%21c16f6b53%24540W%7DZ07%5E4%3CFA40%3E1F7&q=JTMDF9EV5DD037942&branchId=1160"
"3","Hydraulic tools","Maintenance parts > Tools > Hydraulic tools","1163","#/schemas?catalogId=toyota&carId=e7d85f26096e62e1043384648ec63342&criteria=62%2aJTMDF9EV5DD037942%21c16f6b53%24540W%7DZ07%5E4%3CFA40%3E1F7&q=JTMDF9EV5DD037942&branchId=1163"
"3","Tool storage systems","Maintenance parts > Tools > Tool storage systems","1155","#/schemas?catalogId=toyota&carId=e7d85f26096e62e1043384648ec63342&criteria=62%2aJTMDF9EV5DD037942%21c16f6b53%24540W%7DZ07%5E4%3CFA40%3E1F7&q=JTMDF9EV5DD037942&branchId=1155"
"1","Engine","Engine","549","#/schemas?catalogId=toyota&carId=e7d85f26096e62e1043384648ec63342&criteria=62%2aJTMDF9EV5DD037942%21c16f6b53%24540W%7DZ07%5E4%3CFA40%3E1F7&q=JTMDF9EV5DD037942&branchId=549"
"2","IC engine assembly","Engine > IC engine assembly","586","#/schemas?catalogId=toyota&carId=e7d85f26096e62e1043384648ec63342&criteria=62%2aJTMDF9EV5DD037942%21c16f6b53%24540W%7DZ07%5E4%3CFA40%3E1F7&q=JTMDF9EV5DD037942&branchId=586"
"2","Cylinder block, crankcase","Engine > Cylinder block, crankcase","572","#/schemas?catalogId=toyota&carId=e7d85f26096e62e1043384648ec63342&criteria=62%2aJTMDF9EV5DD037942%21c16f6b53%24540W%7DZ07%5E4%3CFA40%3E1F7&q=JTMDF9EV5DD037942&branchId=572"
"3","IC engine unit","Engine > Cylinder block, crankcase > IC engine unit","623","#/schemas?catalogId=toyota&carId=e7d85f26096e62e1043384648ec63342&criteria=62%2aJTMDF9EV5DD037942%21c16f6b53%24540W%7DZ07%5E4%3CFA40%3E1F7&q=JTMDF9EV5DD037942&branchId=623"
"3","IC engine cover","Engine > Cylinder block, crankcase > IC engine cover","629","#/schemas?catalogId=toyota&carId=e7d85f26096e62e1043384648ec63342&criteria=62%2aJTMDF9EV5DD037942%21c16f6b53%24540W%7DZ07%5E4%3CFA40%3E1F7&q=JTMDF9EV5DD037942&branchId=629"
"3","Flywheel","Engine > Cylinder block, crankcase > Flywheel","627","#/schemas?catalogId=toyota&carId=e7d85f26096e62e1043384648ec63342&criteria=62%2aJTMDF9EV5DD037942%21c16f6b53%24540W%7DZ07%5E4%3CFA40%3E1F7&q=JTMDF9EV5DD037942&branchId=627"
"4","Torque converter, front oil pump & Chain (atm)","Engine > Cylinder block, crankcase > Flywheel > Torque converter, front oil pump & Chain (atm)","MPCfm7BNaVB3bjVxQU1EQXk4Si1hZ1RNMU9EYzBOVUXwn5CTNjI3","#/schemas?catalogId=toyota&carId=e7d85f26096e62e1043384648ec63342&criteria=62%2aJTMDF9EV5DD037942%21c16f6b53%24540W%7DZ07%5E4%3CFA40%3E1F7&q=JTMDF9EV5DD037942&branchId=MPCfm7BNaVB3bjVxQU1EQXk4Si1hZ1RNMU9EYzBOVUXwn5CTNjI3"
"3","Oil pan, crankcase","Engine > Cylinder block, crankcase > Oil pan, crankcase","628","#/schemas?catalogId=toyota&carId=e7d85f26096e62e1043384648ec63342&criteria=62%2aJTMDF9EV5DD037942%21c16f6b53%24540W%7DZ07%5E4%3CFA40%3E1F7&q=JTMDF9EV5DD037942&branchId=628"
"2","Cylinder block head","Engine > Cylinder block head","573","#/schemas?catalogId=toyota&carId=e7d85f26096e62e1043384648ec63342&criteria=62%2aJTMDF9EV5DD037942%21c16f6b53%24540W%7DZ07%5E4%3CFA40%3E1F7&q=JTMDF9EV5DD037942&branchId=573"
"3","Cylinder head plugs","Engine > Cylinder block head > Cylinder head plugs","683","#/schemas?catalogId=toyota&carId=e7d85f26096e62e1043384648ec63342&criteria=62%2aJTMDF9EV5DD037942%21c16f6b53%24540W%7DZ07%5E4%3CFA40%3E1F7&q=JTMDF9EV5DD037942&branchId=683"
"2","Engine mounting, support","Engine > Engine mounting, support","574","#/schemas?catalogId=toyota&carId=e7d85f26096e62e1043384648ec63342&criteria=62%2aJTMDF9EV5DD037942%21c16f6b53%24540W%7DZ07%5E4%3CFA40%3E1F7&q=JTMDF9EV5DD037942&branchId=574"
"3","Engine mount bracket","Engine > Engine mounting, support > Engine mount bracket","679","#/schemas?catalogId=toyota&carId=e7d85f26096e62e1043384648ec63342&criteria=62%2aJTMDF9EV5DD037942%21c16f6b53%24540W%7DZ07%5E4%3CFA40%3E1F7&q=JTMDF9EV5DD037942&branchId=679"
"2","Gaskets, seals","Engine > Gaskets, seals","575","#/schemas?catalogId=toyota&carId=e7d85f26096e62e1043384648ec63342&criteria=62%2aJTMDF9EV5DD037942%21c16f6b53%24540W%7DZ07%5E4%3CFA40%3E1F7&q=JTMDF9EV5DD037942&branchId=575"
"3","Cylinder head gasket","Engine > Gaskets, seals > Cylinder head gasket","674","#/schemas?catalogId=toyota&carId=e7d85f26096e62e1043384648ec63342&criteria=62%2aJTMDF9EV5DD037942%21c16f6b53%24540W%7DZ07%5E4%3CFA40%3E1F7&q=JTMDF9EV5DD037942&branchId=674"
"4","Engine overhaul gasket kit","Engine > Gaskets, seals > Cylinder head gasket > Engine overhaul gasket kit","MPCfm7BNaVB3bjVxQU1EQXg4Si1hZ1RFeE56ZzFOMEXwn5CTNjc0","#/schemas?catalogId=toyota&carId=e7d85f26096e62e1043384648ec63342&criteria=62%2aJTMDF9EV5DD037942%21c16f6b53%24540W%7DZ07%5E4%3CFA40%3E1F7&q=JTMDF9EV5DD037942&branchId=MPCfm7BNaVB3bjVxQU1EQXg4Si1hZ1RFeE56ZzFOMEXwn5CTNjc0"
"3","Other IC engine gaskets","Engine > Gaskets, seals > Other IC engine gaskets","677","#/schemas?catalogId=toyota&carId=e7d85f26096e62e1043384648ec63342&criteria=62%2aJTMDF9EV5DD037942%21c16f6b53%24540W%7DZ07%5E4%3CFA40%3E1F7&q=JTMDF9EV5DD037942&branchId=677"
"3","Cylinder unit seal","Engine > Gaskets, seals > Cylinder unit seal","705","#/schemas?catalogId=toyota&carId=e7d85f26096e62e1043384648ec63342&criteria=62%2aJTMDF9EV5DD037942%21c16f6b53%24540W%7DZ07%5E4%3CFA40%3E1F7&q=JTMDF9EV5DD037942&branchId=705"
"3","Engine overhaul gasket kit","Engine > Gaskets, seals > Engine overhaul gasket kit","MPCfm7BNaVB3bjVxQU1EQXg4Si1hZ1RFeE56ZzFOMEXwn5CTNTc1","#/schemas?catalogId=toyota&carId=e7d85f26096e62e1043384648ec63342&criteria=62%2aJTMDF9EV5DD037942%21c16f6b53%24540W%7DZ07%5E4%3CFA40%3E1F7&q=JTMDF9EV5DD037942&branchId=MPCfm7BNaVB3bjVxQU1EQXg4Si1hZ1RFeE56ZzFOMEXwn5CTNTc1"
"2","IC engine drive belt","Engine > IC engine drive belt","708","#/schemas?catalogId=toyota&carId=e7d85f26096e62e1043384648ec63342&criteria=62%2aJTMDF9EV5DD037942%21c16f6b53%24540W%7DZ07%5E4%3CFA40%3E1F7&q=JTMDF9EV5DD037942&branchId=708"
"2","Valvetrain, timing belts, pulleys, HP fuel pump drive","Engine > Valvetrain, timing belts, pulleys, HP fuel pump drive","576","#/schemas?catalogId=toyota&carId=e7d85f26096e62e1043384648ec63342&criteria=62%2aJTMDF9EV5DD037942%21c16f6b53%24540W%7DZ07%5E4%3CFA40%3E1F7&q=JTMDF9EV5DD037942&branchId=576"
"3","Timing belt cover","Engine > Valvetrain, timing belts, pulleys, HP fuel pump drive > Timing belt cover","647","#/schemas?catalogId=toyota&carId=e7d85f26096e62e1043384648ec63342&criteria=62%2aJTMDF9EV5DD037942%21c16f6b53%24540W%7DZ07%5E4%3CFA40%3E1F7&q=JTMDF9EV5DD037942&branchId=647"
"2","IC engine: ventilation, recirculation system","Engine > IC engine: ventilation, recirculation system","637","#/schemas?catalogId=toyota&carId=e7d85f26096e62e1043384648ec63342&criteria=62%2aJTMDF9EV5DD037942%21c16f6b53%24540W%7DZ07%5E4%3CFA40%3E1F7&q=JTMDF9EV5DD037942&branchId=637"
"3","Crankcase ventilation valve","Engine > IC engine: ventilation, recirculation system > Crankcase ventilation valve","1017","#/schemas?catalogId=toyota&carId=e7d85f26096e62e1043384648ec63342&criteria=62%2aJTMDF9EV5DD037942%21c16f6b53%24540W%7DZ07%5E4%3CFA40%3E1F7&q=JTMDF9EV5DD037942&branchId=1017"
"3","IC engine breather hose","Engine > IC engine: ventilation, recirculation system > IC engine breather hose","671","#/schemas?catalogId=toyota&carId=e7d85f26096e62e1043384648ec63342&criteria=62%2aJTMDF9EV5DD037942%21c16f6b53%24540W%7DZ07%5E4%3CFA40%3E1F7&q=JTMDF9EV5DD037942&branchId=671"
"3","Gaskets, seals","Engine > IC engine: ventilation, recirculation system > Gaskets, seals","1044","#/schemas?catalogId=toyota&carId=e7d85f26096e62e1043384648ec63342&criteria=62%2aJTMDF9EV5DD037942%21c16f6b53%24540W%7DZ07%5E4%3CFA40%3E1F7&q=JTMDF9EV5DD037942&branchId=1044"
"2","IC engine: lubrication system","Engine > IC engine: lubrication system","577","#/schemas?catalogId=toyota&carId=e7d85f26096e62e1043384648ec63342&criteria=62%2aJTMDF9EV5DD037942%21c16f6b53%24540W%7DZ07%5E4%3CFA40%3E1F7&q=JTMDF9EV5DD037942&branchId=577"
"3","IC engine: oil pump","Engine > IC engine: lubrication system > IC engine: oil pump","656","#/schemas?catalogId=toyota&carId=e7d85f26096e62e1043384648ec63342&criteria=62%2aJTMDF9EV5DD037942%21c16f6b53%24540W%7DZ07%5E4%3CFA40%3E1F7&q=JTMDF9EV5DD037942&branchId=656"
"3","Oil pan, crankcase","Engine > IC engine: lubrication system > Oil pan, crankcase","660","#/schemas?catalogId=toyota&carId=e7d85f26096e62e1043384648ec63342&criteria=62%2aJTMDF9EV5DD037942%21c16f6b53%24540W%7DZ07%5E4%3CFA40%3E1F7&q=JTMDF9EV5DD037942&branchId=660"
"3","IC engine lubrication system gaskets","Engine > IC engine: lubrication system > IC engine lubrication system gaskets","664","#/schemas?catalogId=toyota&carId=e7d85f26096e62e1043384648ec63342&criteria=62%2aJTMDF9EV5DD037942%21c16f6b53%24540W%7DZ07%5E4%3CFA40%3E1F7&q=JTMDF9EV5DD037942&branchId=664"
"3","Oil radiator","Engine > IC engine: lubrication system > Oil radiator","1041","#/schemas?catalogId=toyota&carId=e7d85f26096e62e1043384648ec63342&criteria=62%2aJTMDF9EV5DD037942%21c16f6b53%24540W%7DZ07%5E4%3CFA40%3E1F7&q=JTMDF9EV5DD037942&branchId=1041"
"3","IC engine: oil filter","Engine > IC engine: lubrication system > IC engine: oil filter","582","#/schemas?catalogId=toyota&carId=e7d85f26096e62e1043384648ec63342&criteria=62%2aJTMDF9EV5DD037942%21c16f6b53%24540W%7DZ07%5E4%3CFA40%3E1F7&q=JTMDF9EV5DD037942&branchId=582"
"1","IC engine cooling","IC engine cooling","560","#/schemas?catalogId=toyota&carId=e7d85f26096e62e1043384648ec63342&criteria=62%2aJTMDF9EV5DD037942%21c16f6b53%24540W%7DZ07%5E4%3CFA40%3E1F7&q=JTMDF9EV5DD037942&branchId=560"
"2","Expansion tank","IC engine cooling > Expansion tank","1025","#/schemas?catalogId=toyota&carId=e7d85f26096e62e1043384648ec63342&criteria=62%2aJTMDF9EV5DD037942%21c16f6b53%24540W%7DZ07%5E4%3CFA40%3E1F7&q=JTMDF9EV5DD037942&branchId=1025"
"2","IC engine cooler: fan, electric motor","IC engine cooling > IC engine cooler: fan, electric motor","965","#/schemas?catalogId=toyota&carId=e7d85f26096e62e1043384648ec63342&criteria=62%2aJTMDF9EV5DD037942%21c16f6b53%24540W%7DZ07%5E4%3CFA40%3E1F7&q=JTMDF9EV5DD037942&branchId=965"
"2","IC engine cooling system: pipes, flanges, valves","IC engine cooling > IC engine cooling system: pipes, flanges, valves","734","#/schemas?catalogId=toyota&carId=e7d85f26096e62e1043384648ec63342&criteria=62%2aJTMDF9EV5DD037942%21c16f6b53%24540W%7DZ07%5E4%3CFA40%3E1F7&q=JTMDF9EV5DD037942&branchId=734"
"3","Cooling system pipe","IC engine cooling > IC engine cooling system: pipes, flanges, valves > Cooling system pipe","735","#/schemas?catalogId=toyota&carId=e7d85f26096e62e1043384648ec63342&criteria=62%2aJTMDF9EV5DD037942%21c16f6b53%24540W%7DZ07%5E4%3CFA40%3E1F7&q=JTMDF9EV5DD037942&branchId=735"
"2","IC engine cooling system radiator","IC engine cooling > IC engine cooling system radiator","964","#/schemas?catalogId=toyota&carId=e7d85f26096e62e1043384648ec63342&criteria=62%2aJTMDF9EV5DD037942%21c16f6b53%24540W%7DZ07%5E4%3CFA40%3E1F7&q=JTMDF9EV5DD037942&branchId=964"
"1","Body, car glass","Body, car glass","551","#/schemas?catalogId=toyota&carId=e7d85f26096e62e1043384648ec63342&criteria=62%2aJTMDF9EV5DD037942%21c16f6b53%24540W%7DZ07%5E4%3CFA40%3E1F7&q=JTMDF9EV5DD037942&branchId=551"
"2","Radiator grille","Body, car glass > Radiator grille","820","#/schemas?catalogId=toyota&carId=e7d85f26096e62e1043384648ec63342&criteria=62%2aJTMDF9EV5DD037942%21c16f6b53%24540W%7DZ07%5E4%3CFA40%3E1F7&q=JTMDF9EV5DD037942&branchId=820"
"2","Hood","Body, car glass > Hood","817","#/schemas?catalogId=toyota&carId=e7d85f26096e62e1043384648ec63342&criteria=62%2aJTMDF9EV5DD037942%21c16f6b53%24540W%7DZ07%5E4%3CFA40%3E1F7&q=JTMDF9EV5DD037942&branchId=817"
"2","Front, rear wing","Body, car glass > Front, rear wing","818","#/schemas?catalogId=toyota&carId=e7d85f26096e62e1043384648ec63342&criteria=62%2aJTMDF9EV5DD037942%21c16f6b53%24540W%7DZ07%5E4%3CFA40%3E1F7&q=JTMDF9EV5DD037942&branchId=818"
"3","Front wing","Body, car glass > Front, rear wing > Front wing","1096","#/schemas?catalogId=toyota&carId=e7d85f26096e62e1043384648ec63342&criteria=62%2aJTMDF9EV5DD037942%21c16f6b53%24540W%7DZ07%5E4%3CFA40%3E1F7&q=JTMDF9EV5DD037942&branchId=1096"
"3","Rear wing","Body, car glass > Front, rear wing > Rear wing","800","#/schemas?catalogId=toyota&carId=e7d85f26096e62e1043384648ec63342&criteria=62%2aJTMDF9EV5DD037942%21c16f6b53%24540W%7DZ07%5E4%3CFA40%3E1F7&q=JTMDF9EV5DD037942&branchId=800"
"4","Side member","Body, car glass > Front, rear wing > Rear wing > Side member","MPCfm7BNaVB3bjVxQU1EQXo4Si1hZ1RZeE5EVXhOMEnwn5CTODAw","#/schemas?catalogId=toyota&carId=e7d85f26096e62e1043384648ec63342&criteria=62%2aJTMDF9EV5DD037942%21c16f6b53%24540W%7DZ07%5E4%3CFA40%3E1F7&q=JTMDF9EV5DD037942&branchId=MPCfm7BNaVB3bjVxQU1EQXo4Si1hZ1RZeE5EVXhOMEnwn5CTODAw"
"2","Engine compartment parts","Body, car glass > Engine compartment parts","991","#/schemas?catalogId=toyota&carId=e7d85f26096e62e1043384648ec63342&criteria=62%2aJTMDF9EV5DD037942%21c16f6b53%24540W%7DZ07%5E4%3CFA40%3E1F7&q=JTMDF9EV5DD037942&branchId=991"
"2","Rear-view mirror, components","Body, car glass > Rear-view mirror, components","751","#/schemas?catalogId=toyota&carId=e7d85f26096e62e1043384648ec63342&criteria=62%2aJTMDF9EV5DD037942%21c16f6b53%24540W%7DZ07%5E4%3CFA40%3E1F7&q=JTMDF9EV5DD037942&branchId=751"
"2","Doors, glass-lifters, handles, locks","Body, car glass > Doors, glass-lifters, handles, locks","995","#/schemas?catalogId=toyota&carId=e7d85f26096e62e1043384648ec63342&criteria=62%2aJTMDF9EV5DD037942%21c16f6b53%24540W%7DZ07%5E4%3CFA40%3E1F7&q=JTMDF9EV5DD037942&branchId=995"
"3","Front door panel & Glass","Body, car glass > Doors, glass-lifters, handles, locks > Front door panel & Glass","MPCfm7BNaVB3bjVxQU1EQXo4Si1hZ1RZM056YzFOMFnwn5CTOTk1","#/schemas?catalogId=toyota&carId=e7d85f26096e62e1043384648ec63342&criteria=62%2aJTMDF9EV5DD037942%21c16f6b53%24540W%7DZ07%5E4%3CFA40%3E1F7&q=JTMDF9EV5DD037942&branchId=MPCfm7BNaVB3bjVxQU1EQXo4Si1hZ1RZM056YzFOMFnwn5CTOTk1"
"3","Lock cylinder set","Body, car glass > Doors, glass-lifters, handles, locks > Lock cylinder set","MPCfm7BNaVB3bjVxQU1EQXo4Si1hZ1RZM056Y3pNa03wn5CTOTk1","#/schemas?catalogId=toyota&carId=e7d85f26096e62e1043384648ec63342&criteria=62%2aJTMDF9EV5DD037942%21c16f6b53%24540W%7DZ07%5E4%3CFA40%3E1F7&q=JTMDF9EV5DD037942&branchId=MPCfm7BNaVB3bjVxQU1EQXo4Si1hZ1RZM056Y3pNa03wn5CTOTk1"
"3","Armrest & Visor","Body, car glass > Doors, glass-lifters, handles, locks > Armrest & Visor","MPCfm7BNaVB3bjVxQU1EQXo4Si1hZ1RjME16VTJPQ0Hwn5CTOTk1","#/schemas?catalogId=toyota&carId=e7d85f26096e62e1043384648ec63342&criteria=62%2aJTMDF9EV5DD037942%21c16f6b53%24540W%7DZ07%5E4%3CFA40%3E1F7&q=JTMDF9EV5DD037942&branchId=MPCfm7BNaVB3bjVxQU1EQXo4Si1hZ1RjME16VTJPQ0Hwn5CTOTk1"
"3","Switch & Relay & Computer","Body, car glass > Doors, glass-lifters, handles, locks > Switch & Relay & Computer","MPCfm7BNaVB3bjVxQU1EQTA4Si1hZ1RnMFJUQXlNVVXwn5CTOTk1","#/schemas?catalogId=toyota&carId=e7d85f26096e62e1043384648ec63342&criteria=62%2aJTMDF9EV5DD037942%21c16f6b53%24540W%7DZ07%5E4%3CFA40%3E1F7&q=JTMDF9EV5DD037942&branchId=MPCfm7BNaVB3bjVxQU1EQTA4Si1hZ1RnMFJUQXlNVVXwn5CTOTk1"
"2","Car glass","Body, car glass > Car glass","791","#/schemas?catalogId=toyota&carId=e7d85f26096e62e1043384648ec63342&criteria=62%2aJTMDF9EV5DD037942%21c16f6b53%24540W%7DZ07%5E4%3CFA40%3E1F7&q=JTMDF9EV5DD037942&branchId=791"
"3","Windshield","Body, car glass > Car glass > Windshield","960","#/schemas?catalogId=toyota&carId=e7d85f26096e62e1043384648ec63342&criteria=62%2aJTMDF9EV5DD037942%21c16f6b53%24540W%7DZ07%5E4%3CFA40%3E1F7&q=JTMDF9EV5DD037942&branchId=960"
"3","Side glass","Body, car glass > Car glass > Side glass","986","#/schemas?catalogId=toyota&carId=e7d85f26096e62e1043384648ec63342&criteria=62%2aJTMDF9EV5DD037942%21c16f6b53%24540W%7DZ07%5E4%3CFA40%3E1F7&q=JTMDF9EV5DD037942&branchId=986"
"2","Passenger and luggage compartments","Body, car glass > Passenger and luggage compartments","983","#/schemas?catalogId=toyota&carId=e7d85f26096e62e1043384648ec63342&criteria=62%2aJTMDF9EV5DD037942%21c16f6b53%24540W%7DZ07%5E4%3CFA40%3E1F7&q=JTMDF9EV5DD037942&branchId=983"
"3","Dashboard","Body, car glass > Passenger and luggage compartments > Dashboard","1004","#/schemas?catalogId=toyota&carId=e7d85f26096e62e1043384648ec63342&criteria=62%2aJTMDF9EV5DD037942%21c16f6b53%24540W%7DZ07%5E4%3CFA40%3E1F7&q=JTMDF9EV5DD037942&branchId=1004"
"4","Glovebox","Body, car glass > Passenger and luggage compartments > Dashboard > Glovebox","1005","#/schemas?catalogId=toyota&carId=e7d85f26096e62e1043384648ec63342&criteria=62%2aJTMDF9EV5DD037942%21c16f6b53%24540W%7DZ07%5E4%3CFA40%3E1F7&q=JTMDF9EV5DD037942&branchId=1005"
"4","Instrument panel & Glove compartment","Body, car glass > Passenger and luggage compartments > Dashboard > Instrument panel & Glove compartment","MPCfm7BNaVB3bjVxQU1EQXo4Si1hZ1RVMU16QTJOVU3wn5CTMTAwNA","#/schemas?catalogId=toyota&carId=e7d85f26096e62e1043384648ec63342&criteria=62%2aJTMDF9EV5DD037942%21c16f6b53%24540W%7DZ07%5E4%3CFA40%3E1F7&q=JTMDF9EV5DD037942&branchId=MPCfm7BNaVB3bjVxQU1EQXo4Si1hZ1RVMU16QTJOVU3wn5CTMTAwNA"
"3","Interior, decorative and lining parts for passenger and luggage compartments","Body, car glass > Passenger and luggage compartments > Interior, decorative and lining parts for passenger and luggage compartments","989","#/schemas?catalogId=toyota&carId=e7d85f26096e62e1043384648ec63342&criteria=62%2aJTMDF9EV5DD037942%21c16f6b53%24540W%7DZ07%5E4%3CFA40%3E1F7&q=JTMDF9EV5DD037942&branchId=989"
"4","Instrument panel & Glove compartment","Body, car glass > Passenger and luggage compartments > Interior, decorative and lining parts for passenger and luggage compartments > Instrument panel & Glove compartment","MPCfm7BNaVB3bjVxQU1EQXo4Si1hZ1RVMU16QTJOVU3wn5CTOTg5","#/schemas?catalogId=toyota&carId=e7d85f26096e62e1043384648ec63342&criteria=62%2aJTMDF9EV5DD037942%21c16f6b53%24540W%7DZ07%5E4%3CFA40%3E1F7&q=JTMDF9EV5DD037942&branchId=MPCfm7BNaVB3bjVxQU1EQXo4Si1hZ1RVMU16QTJOVU3wn5CTOTg5"
"4","Seat & Seat track","Body, car glass > Passenger and luggage compartments > Interior, decorative and lining parts for passenger and luggage compartments > Seat & Seat track","MPCfm7BNaVB3bjVxQU1EQXo4Si1hZ1RjeFF6Y3dOaUHwn5CTOTg5","#/schemas?catalogId=toyota&carId=e7d85f26096e62e1043384648ec63342&criteria=62%2aJTMDF9EV5DD037942%21c16f6b53%24540W%7DZ07%5E4%3CFA40%3E1F7&q=JTMDF9EV5DD037942&branchId=MPCfm7BNaVB3bjVxQU1EQXo4Si1hZ1RjeFF6Y3dOaUHwn5CTOTg5"
"3","Seats","Body, car glass > Passenger and luggage compartments > Seats","984","#/schemas?catalogId=toyota&carId=e7d85f26096e62e1043384648ec63342&criteria=62%2aJTMDF9EV5DD037942%21c16f6b53%24540W%7DZ07%5E4%3CFA40%3E1F7&q=JTMDF9EV5DD037942&branchId=984"
"4","Seat & Seat track","Body, car glass > Passenger and luggage compartments > Seats > Seat & Seat track","MPCfm7BNaVB3bjVxQU1EQXo4Si1hZ1RjeFF6Y3dOaUHwn5CTOTg0","#/schemas?catalogId=toyota&carId=e7d85f26096e62e1043384648ec63342&criteria=62%2aJTMDF9EV5DD037942%21c16f6b53%24540W%7DZ07%5E4%3CFA40%3E1F7&q=JTMDF9EV5DD037942&branchId=MPCfm7BNaVB3bjVxQU1EQXo4Si1hZ1RjeFF6Y3dOaUHwn5CTOTg0"
"2","Safety system","Body, car glass > Safety system","1075","#/schemas?catalogId=toyota&carId=e7d85f26096e62e1043384648ec63342&criteria=62%2aJTMDF9EV5DD037942%21c16f6b53%24540W%7DZ07%5E4%3CFA40%3E1F7&q=JTMDF9EV5DD037942&branchId=1075"
"3","Instrument panel & Glove compartment","Body, car glass > Safety system > Instrument panel & Glove compartment","MPCfm7BNaVB3bjVxQU1EQXo4Si1hZ1RVMU16QTJOVU3wn5CTMTA3NQ","#/schemas?catalogId=toyota&carId=e7d85f26096e62e1043384648ec63342&criteria=62%2aJTMDF9EV5DD037942%21c16f6b53%24540W%7DZ07%5E4%3CFA40%3E1F7&q=JTMDF9EV5DD037942&branchId=MPCfm7BNaVB3bjVxQU1EQXo4Si1hZ1RVMU16QTJOVU3wn5CTMTA3NQ"
"2","Body frame, frame, roof, bottom, side panels","Body, car glass > Body frame, frame, roof, bottom, side panels","814","#/schemas?catalogId=toyota&carId=e7d85f26096e62e1043384648ec63342&criteria=62%2aJTMDF9EV5DD037942%21c16f6b53%24540W%7DZ07%5E4%3CFA40%3E1F7&q=JTMDF9EV5DD037942&branchId=814"
"3","Roof, sunroof","Body, car glass > Body frame, frame, roof, bottom, side panels > Roof, sunroof","1015","#/schemas?catalogId=toyota&carId=e7d85f26096e62e1043384648ec63342&criteria=62%2aJTMDF9EV5DD037942%21c16f6b53%24540W%7DZ07%5E4%3CFA40%3E1F7&q=JTMDF9EV5DD037942&branchId=1015"
"4","Sunroof, components","Body, car glass > Body frame, frame, roof, bottom, side panels > Roof, sunroof > Sunroof, components","1097","#/schemas?catalogId=toyota&carId=e7d85f26096e62e1043384648ec63342&criteria=62%2aJTMDF9EV5DD037942%21c16f6b53%24540W%7DZ07%5E4%3CFA40%3E1F7&q=JTMDF9EV5DD037942&branchId=1097"
"3","Side body parts, dividers, tail gates","Body, car glass > Body frame, frame, roof, bottom, side panels > Side body parts, dividers, tail gates","1092","#/schemas?catalogId=toyota&carId=e7d85f26096e62e1043384648ec63342&criteria=62%2aJTMDF9EV5DD037942%21c16f6b53%24540W%7DZ07%5E4%3CFA40%3E1F7&q=JTMDF9EV5DD037942&branchId=1092"
"4","Side member","Body, car glass > Body frame, frame, roof, bottom, side panels > Side body parts, dividers, tail gates > Side member","MPCfm7BNaVB3bjVxQU1EQXo4Si1hZ1RZeE5EVXhOMEnwn5CTMTA5Mg","#/schemas?catalogId=toyota&carId=e7d85f26096e62e1043384648ec63342&criteria=62%2aJTMDF9EV5DD037942%21c16f6b53%24540W%7DZ07%5E4%3CFA40%3E1F7&q=JTMDF9EV5DD037942&branchId=MPCfm7BNaVB3bjVxQU1EQXo4Si1hZ1RZeE5EVXhOMEnwn5CTMTA5Mg"
"4","Wiring & Clamp","Body, car glass > Body frame, frame, roof, bottom, side panels > Side body parts, dividers, tail gates > Wiring & Clamp","MPCfm7BNaVB3bjVxQU1EQTA4Si1hZ1RneVFqRXlORUnwn5CTMTA5Mg","#/schemas?catalogId=toyota&carId=e7d85f26096e62e1043384648ec63342&criteria=62%2aJTMDF9EV5DD037942%21c16f6b53%24540W%7DZ07%5E4%3CFA40%3E1F7&q=JTMDF9EV5DD037942&branchId=MPCfm7BNaVB3bjVxQU1EQTA4Si1hZ1RneVFqRXlORUnwn5CTMTA5Mg"
"3","Spare wheel bottom, floor, well","Body, car glass > Body frame, frame, roof, bottom, side panels > Spare wheel bottom, floor, well","1006","#/schemas?catalogId=toyota&carId=e7d85f26096e62e1043384648ec63342&criteria=62%2aJTMDF9EV5DD037942%21c16f6b53%24540W%7DZ07%5E4%3CFA40%3E1F7&q=JTMDF9EV5DD037942&branchId=1006"
"3","Body frame, frame, longeron","Body, car glass > Body frame, frame, roof, bottom, side panels > Body frame, frame, longeron","1088","#/schemas?catalogId=toyota&carId=e7d85f26096e62e1043384648ec63342&criteria=62%2aJTMDF9EV5DD037942%21c16f6b53%24540W%7DZ07%5E4%3CFA40%3E1F7&q=JTMDF9EV5DD037942&branchId=1088"
"2","Fuel tank cap, components","Body, car glass > Fuel tank cap, components","804","#/schemas?catalogId=toyota&carId=e7d85f26096e62e1043384648ec63342&criteria=62%2aJTMDF9EV5DD037942%21c16f6b53%24540W%7DZ07%5E4%3CFA40%3E1F7&q=JTMDF9EV5DD037942&branchId=804"
"2","Trunk lid, door","Body, car glass > Trunk lid, door","802","#/schemas?catalogId=toyota&carId=e7d85f26096e62e1043384648ec63342&criteria=62%2aJTMDF9EV5DD037942%21c16f6b53%24540W%7DZ07%5E4%3CFA40%3E1F7&q=JTMDF9EV5DD037942&branchId=802"
"2","Headlight, windshield wiper","Body, car glass > Headlight, windshield wiper","860","#/schemas?catalogId=toyota&carId=e7d85f26096e62e1043384648ec63342&criteria=62%2aJTMDF9EV5DD037942%21c16f6b53%24540W%7DZ07%5E4%3CFA40%3E1F7&q=JTMDF9EV5DD037942&branchId=860"
"3","Windshield washer: sensors, relays, valves, units, switches","Body, car glass > Headlight, windshield wiper > Windshield washer: sensors, relays, valves, units, switches","888","#/schemas?catalogId=toyota&carId=e7d85f26096e62e1043384648ec63342&criteria=62%2aJTMDF9EV5DD037942%21c16f6b53%24540W%7DZ07%5E4%3CFA40%3E1F7&q=JTMDF9EV5DD037942&branchId=888"
"3","Wiper drive mechanism","Body, car glass > Headlight, windshield wiper > Wiper drive mechanism","903","#/schemas?catalogId=toyota&carId=e7d85f26096e62e1043384648ec63342&criteria=62%2aJTMDF9EV5DD037942%21c16f6b53%24540W%7DZ07%5E4%3CFA40%3E1F7&q=JTMDF9EV5DD037942&branchId=903"
"3","Windshield washer tubes, connectors","Body, car glass > Headlight, windshield wiper > Windshield washer tubes, connectors","898","#/schemas?catalogId=toyota&carId=e7d85f26096e62e1043384648ec63342&criteria=62%2aJTMDF9EV5DD037942%21c16f6b53%24540W%7DZ07%5E4%3CFA40%3E1F7&q=JTMDF9EV5DD037942&branchId=898"
"3","Windshield nozzle","Body, car glass > Headlight, windshield wiper > Windshield nozzle","891","#/schemas?catalogId=toyota&carId=e7d85f26096e62e1043384648ec63342&criteria=62%2aJTMDF9EV5DD037942%21c16f6b53%24540W%7DZ07%5E4%3CFA40%3E1F7&q=JTMDF9EV5DD037942&branchId=891"
"3","Windshield wiper blade","Body, car glass > Headlight, windshield wiper > Windshield wiper blade","907","#/schemas?catalogId=toyota&carId=e7d85f26096e62e1043384648ec63342&criteria=62%2aJTMDF9EV5DD037942%21c16f6b53%24540W%7DZ07%5E4%3CFA40%3E1F7&q=JTMDF9EV5DD037942&branchId=907"
"3","Wiper drive motor","Body, car glass > Headlight, windshield wiper > Wiper drive motor","910","#/schemas?catalogId=toyota&carId=e7d85f26096e62e1043384648ec63342&criteria=62%2aJTMDF9EV5DD037942%21c16f6b53%24540W%7DZ07%5E4%3CFA40%3E1F7&q=JTMDF9EV5DD037942&branchId=910"
"2","Exterior lighting system","Body, car glass > Exterior lighting system","792","#/schemas?catalogId=toyota&carId=e7d85f26096e62e1043384648ec63342&criteria=62%2aJTMDF9EV5DD037942%21c16f6b53%24540W%7DZ07%5E4%3CFA40%3E1F7&q=JTMDF9EV5DD037942&branchId=792"
"3","Headlight","Body, car glass > Exterior lighting system > Headlight","832","#/schemas?catalogId=toyota&carId=e7d85f26096e62e1043384648ec63342&criteria=62%2aJTMDF9EV5DD037942%21c16f6b53%24540W%7DZ07%5E4%3CFA40%3E1F7&q=JTMDF9EV5DD037942&branchId=832"
"3","Fog light","Body, car glass > Exterior lighting system > Fog light","836","#/schemas?catalogId=toyota&carId=e7d85f26096e62e1043384648ec63342&criteria=62%2aJTMDF9EV5DD037942%21c16f6b53%24540W%7DZ07%5E4%3CFA40%3E1F7&q=JTMDF9EV5DD037942&branchId=836"
"3","Turn signal repeater","Body, car glass > Exterior lighting system > Turn signal repeater","834","#/schemas?catalogId=toyota&carId=e7d85f26096e62e1043384648ec63342&criteria=62%2aJTMDF9EV5DD037942%21c16f6b53%24540W%7DZ07%5E4%3CFA40%3E1F7&q=JTMDF9EV5DD037942&branchId=834"
"3","Lamp","Body, car glass > Exterior lighting system > Lamp","862","#/schemas?catalogId=toyota&carId=e7d85f26096e62e1043384648ec63342&criteria=62%2aJTMDF9EV5DD037942%21c16f6b53%24540W%7DZ07%5E4%3CFA40%3E1F7&q=JTMDF9EV5DD037942&branchId=862"
"3","Rear light","Body, car glass > Exterior lighting system > Rear light","856","#/schemas?catalogId=toyota&carId=e7d85f26096e62e1043384648ec63342&criteria=62%2aJTMDF9EV5DD037942%21c16f6b53%24540W%7DZ07%5E4%3CFA40%3E1F7&q=JTMDF9EV5DD037942&branchId=856"
"2","Interior lighting system","Body, car glass > Interior lighting system","1078","#/schemas?catalogId=toyota&carId=e7d85f26096e62e1043384648ec63342&criteria=62%2aJTMDF9EV5DD037942%21c16f6b53%24540W%7DZ07%5E4%3CFA40%3E1F7&q=JTMDF9EV5DD037942&branchId=1078"
"2","Moldings, reflectors, plates, spoilers","Body, car glass > Moldings, reflectors, plates, spoilers","810","#/schemas?catalogId=toyota&carId=e7d85f26096e62e1043384648ec63342&criteria=62%2aJTMDF9EV5DD037942%21c16f6b53%24540W%7DZ07%5E4%3CFA40%3E1F7&q=JTMDF9EV5DD037942&branchId=810"
"3","Inside trim board","Body, car glass > Moldings, reflectors, plates, spoilers > Inside trim board","MPCfm7BNaVB3bjVxQU1EQXo4Si1hZ1RZME16SXpORUnwn5CTODEw","#/schemas?catalogId=toyota&carId=e7d85f26096e62e1043384648ec63342&criteria=62%2aJTMDF9EV5DD037942%21c16f6b53%24540W%7DZ07%5E4%3CFA40%3E1F7&q=JTMDF9EV5DD037942&branchId=MPCfm7BNaVB3bjVxQU1EQXo4Si1hZ1RZME16SXpORUnwn5CTODEw"
"2","Emblems, signs, information plates","Body, car glass > Emblems, signs, information plates","1112","#/schemas?catalogId=toyota&carId=e7d85f26096e62e1043384648ec63342&criteria=62%2aJTMDF9EV5DD037942%21c16f6b53%24540W%7DZ07%5E4%3CFA40%3E1F7&q=JTMDF9EV5DD037942&branchId=1112"
"1","Heating, A/C","Heating, A/C","993","#/schemas?catalogId=toyota&carId=e7d85f26096e62e1043384648ec63342&criteria=62%2aJTMDF9EV5DD037942%21c16f6b53%24540W%7DZ07%5E4%3CFA40%3E1F7&q=JTMDF9EV5DD037942&branchId=993"
"2","System sensors, units, valves, controllers","Heating, A/C > System sensors, units, valves, controllers","1067","#/schemas?catalogId=toyota&carId=e7d85f26096e62e1043384648ec63342&criteria=62%2aJTMDF9EV5DD037942%21c16f6b53%24540W%7DZ07%5E4%3CFA40%3E1F7&q=JTMDF9EV5DD037942&branchId=1067"
"2","A/C compressor","Heating, A/C > A/C compressor","709","#/schemas?catalogId=toyota&carId=e7d85f26096e62e1043384648ec63342&criteria=62%2aJTMDF9EV5DD037942%21c16f6b53%24540W%7DZ07%5E4%3CFA40%3E1F7&q=JTMDF9EV5DD037942&branchId=709"
"2","A/C evaporator, dehumidifier","Heating, A/C > A/C evaporator, dehumidifier","998","#/schemas?catalogId=toyota&carId=e7d85f26096e62e1043384648ec63342&criteria=62%2aJTMDF9EV5DD037942%21c16f6b53%24540W%7DZ07%5E4%3CFA40%3E1F7&q=JTMDF9EV5DD037942&branchId=998"
"2","Interior heater","Heating, A/C > Interior heater","994","#/schemas?catalogId=toyota&carId=e7d85f26096e62e1043384648ec63342&criteria=62%2aJTMDF9EV5DD037942%21c16f6b53%24540W%7DZ07%5E4%3CFA40%3E1F7&q=JTMDF9EV5DD037942&branchId=994"
"2","Interior heater radiator","Heating, A/C > Interior heater radiator","1008","#/schemas?catalogId=toyota&carId=e7d85f26096e62e1043384648ec63342&criteria=62%2aJTMDF9EV5DD037942%21c16f6b53%24540W%7DZ07%5E4%3CFA40%3E1F7&q=JTMDF9EV5DD037942&branchId=1008"
"2","Interior filter","Heating, A/C > Interior filter","1091","#/schemas?catalogId=toyota&carId=e7d85f26096e62e1043384648ec63342&criteria=62%2aJTMDF9EV5DD037942%21c16f6b53%24540W%7DZ07%5E4%3CFA40%3E1F7&q=JTMDF9EV5DD037942&branchId=1091"
"2","Air ducts","Heating, A/C > Air ducts","1136","#/schemas?catalogId=toyota&carId=e7d85f26096e62e1043384648ec63342&criteria=62%2aJTMDF9EV5DD037942%21c16f6b53%24540W%7DZ07%5E4%3CFA40%3E1F7&q=JTMDF9EV5DD037942&branchId=1136"
"1","Suspension, chassis","Suspension, chassis","554","#/schemas?catalogId=toyota&carId=e7d85f26096e62e1043384648ec63342&criteria=62%2aJTMDF9EV5DD037942%21c16f6b53%24540W%7DZ07%5E4%3CFA40%3E1F7&q=JTMDF9EV5DD037942&branchId=554"
"2","Suspension sensors, units, valves, controllers","Suspension, chassis > Suspension sensors, units, valves, controllers","1051","#/schemas?catalogId=toyota&carId=e7d85f26096e62e1043384648ec63342&criteria=62%2aJTMDF9EV5DD037942%21c16f6b53%24540W%7DZ07%5E4%3CFA40%3E1F7&q=JTMDF9EV5DD037942&branchId=1051"
"2","Front, rear subframe","Suspension, chassis > Front, rear subframe","1023","#/schemas?catalogId=toyota&carId=e7d85f26096e62e1043384648ec63342&criteria=62%2aJTMDF9EV5DD037942%21c16f6b53%24540W%7DZ07%5E4%3CFA40%3E1F7&q=JTMDF9EV5DD037942&branchId=1023"
"2","Steering knuckle, hub, trunnion, components","Suspension, chassis > Steering knuckle, hub, trunnion, components","970","#/schemas?catalogId=toyota&carId=e7d85f26096e62e1043384648ec63342&criteria=62%2aJTMDF9EV5DD037942%21c16f6b53%24540W%7DZ07%5E4%3CFA40%3E1F7&q=JTMDF9EV5DD037942&branchId=970"
"2","Suspension arms, tie rods, components","Suspension, chassis > Suspension arms, tie rods, components","958","#/schemas?catalogId=toyota&carId=e7d85f26096e62e1043384648ec63342&criteria=62%2aJTMDF9EV5DD037942%21c16f6b53%24540W%7DZ07%5E4%3CFA40%3E1F7&q=JTMDF9EV5DD037942&branchId=958"
"1","Transmission, gearbox","Transmission, gearbox","553","#/schemas?catalogId=toyota&carId=e7d85f26096e62e1043384648ec63342&criteria=62%2aJTMDF9EV5DD037942%21c16f6b53%24540W%7DZ07%5E4%3CFA40%3E1F7&q=JTMDF9EV5DD037942&branchId=553"
"2","Transmission sensors, units, valves, controllers","Transmission, gearbox > Transmission sensors, units, valves, controllers","1057","#/schemas?catalogId=toyota&carId=e7d85f26096e62e1043384648ec63342&criteria=62%2aJTMDF9EV5DD037942%21c16f6b53%24540W%7DZ07%5E4%3CFA40%3E1F7&q=JTMDF9EV5DD037942&branchId=1057"
"2","A/T, components","Transmission, gearbox > A/T, components","953","#/schemas?catalogId=toyota&carId=e7d85f26096e62e1043384648ec63342&criteria=62%2aJTMDF9EV5DD037942%21c16f6b53%24540W%7DZ07%5E4%3CFA40%3E1F7&q=JTMDF9EV5DD037942&branchId=953"
"3","Automatic transmission","Transmission, gearbox > A/T, components > Automatic transmission","1054","#/schemas?catalogId=toyota&carId=e7d85f26096e62e1043384648ec63342&criteria=62%2aJTMDF9EV5DD037942%21c16f6b53%24540W%7DZ07%5E4%3CFA40%3E1F7&q=JTMDF9EV5DD037942&branchId=1054"
"4","Torque converter, front oil pump & Chain (atm)","Transmission, gearbox > A/T, components > Automatic transmission > Torque converter, front oil pump & Chain (atm)","MPCfm7BNaVB3bjVxQU1EQXk4Si1hZ1RNMU9EYzBOVUXwn5CTMTA1NA","#/schemas?catalogId=toyota&carId=e7d85f26096e62e1043384648ec63342&criteria=62%2aJTMDF9EV5DD037942%21c16f6b53%24540W%7DZ07%5E4%3CFA40%3E1F7&q=JTMDF9EV5DD037942&branchId=MPCfm7BNaVB3bjVxQU1EQXk4Si1hZ1RNMU9EYzBOVUXwn5CTMTA1NA"
"3","Automatic transmission shaft","Transmission, gearbox > A/T, components > Automatic transmission shaft","1060","#/schemas?catalogId=toyota&carId=e7d85f26096e62e1043384648ec63342&criteria=62%2aJTMDF9EV5DD037942%21c16f6b53%24540W%7DZ07%5E4%3CFA40%3E1F7&q=JTMDF9EV5DD037942&branchId=1060"
"3","Automatic transmission bearing, slide bushing","Transmission, gearbox > A/T, components > Automatic transmission bearing, slide bushing","1062","#/schemas?catalogId=toyota&carId=e7d85f26096e62e1043384648ec63342&criteria=62%2aJTMDF9EV5DD037942%21c16f6b53%24540W%7DZ07%5E4%3CFA40%3E1F7&q=JTMDF9EV5DD037942&branchId=1062"
"3","Automatic transmission gear, clutch, sprocket","Transmission, gearbox > A/T, components > Automatic transmission gear, clutch, sprocket","1063","#/schemas?catalogId=toyota&carId=e7d85f26096e62e1043384648ec63342&criteria=62%2aJTMDF9EV5DD037942%21c16f6b53%24540W%7DZ07%5E4%3CFA40%3E1F7&q=JTMDF9EV5DD037942&branchId=1063"
"2","M/T, components","Transmission, gearbox > M/T, components","954","#/schemas?catalogId=toyota&carId=e7d85f26096e62e1043384648ec63342&criteria=62%2aJTMDF9EV5DD037942%21c16f6b53%24540W%7DZ07%5E4%3CFA40%3E1F7&q=JTMDF9EV5DD037942&branchId=954"
"3","Manual transmission: bearing, slide bushing","Transmission, gearbox > M/T, components > Manual transmission: bearing, slide bushing","973","#/schemas?catalogId=toyota&carId=e7d85f26096e62e1043384648ec63342&criteria=62%2aJTMDF9EV5DD037942%21c16f6b53%24540W%7DZ07%5E4%3CFA40%3E1F7&q=JTMDF9EV5DD037942&branchId=973"
"3","Manual transmission: gear, clutch, sprocket","Transmission, gearbox > M/T, components > Manual transmission: gear, clutch, sprocket","972","#/schemas?catalogId=toyota&carId=e7d85f26096e62e1043384648ec63342&criteria=62%2aJTMDF9EV5DD037942%21c16f6b53%24540W%7DZ07%5E4%3CFA40%3E1F7&q=JTMDF9EV5DD037942&branchId=972"
"2","Transfer box: components","Transmission, gearbox > Transfer box: components","1291","#/schemas?catalogId=toyota&carId=e7d85f26096e62e1043384648ec63342&criteria=62%2aJTMDF9EV5DD037942%21c16f6b53%24540W%7DZ07%5E4%3CFA40%3E1F7&q=JTMDF9EV5DD037942&branchId=1291"
"2","Differential","Transmission, gearbox > Differential","955","#/schemas?catalogId=toyota&carId=e7d85f26096e62e1043384648ec63342&criteria=62%2aJTMDF9EV5DD037942%21c16f6b53%24540W%7DZ07%5E4%3CFA40%3E1F7&q=JTMDF9EV5DD037942&branchId=955"
"2","Transmission mounts","Transmission, gearbox > Transmission mounts","681","#/schemas?catalogId=toyota&carId=e7d85f26096e62e1043384648ec63342&criteria=62%2aJTMDF9EV5DD037942%21c16f6b53%24540W%7DZ07%5E4%3CFA40%3E1F7&q=JTMDF9EV5DD037942&branchId=681"
"2","Gear shift mechanism","Transmission, gearbox > Gear shift mechanism","702","#/schemas?catalogId=toyota&carId=e7d85f26096e62e1043384648ec63342&criteria=62%2aJTMDF9EV5DD037942%21c16f6b53%24540W%7DZ07%5E4%3CFA40%3E1F7&q=JTMDF9EV5DD037942&branchId=702"
"2","Transmission gaskets, seals, glands","Transmission, gearbox > Transmission gaskets, seals, glands","715","#/schemas?catalogId=toyota&carId=e7d85f26096e62e1043384648ec63342&criteria=62%2aJTMDF9EV5DD037942%21c16f6b53%24540W%7DZ07%5E4%3CFA40%3E1F7&q=JTMDF9EV5DD037942&branchId=715"
"3","Torque converter, front oil pump & Chain (atm)","Transmission, gearbox > Transmission gaskets, seals, glands > Torque converter, front oil pump & Chain (atm)","MPCfm7BNaVB3bjVxQU1EQXk4Si1hZ1RNMU9EYzBOVUXwn5CTNzE1","#/schemas?catalogId=toyota&carId=e7d85f26096e62e1043384648ec63342&criteria=62%2aJTMDF9EV5DD037942%21c16f6b53%24540W%7DZ07%5E4%3CFA40%3E1F7&q=JTMDF9EV5DD037942&branchId=MPCfm7BNaVB3bjVxQU1EQXk4Si1hZ1RNMU9EYzBOVUXwn5CTNzE1"
"2","Transmission repair kits","Transmission, gearbox > Transmission repair kits","1058","#/schemas?catalogId=toyota&carId=e7d85f26096e62e1043384648ec63342&criteria=62%2aJTMDF9EV5DD037942%21c16f6b53%24540W%7DZ07%5E4%3CFA40%3E1F7&q=JTMDF9EV5DD037942&branchId=1058"
"2","Clutch system","Transmission, gearbox > Clutch system","617","#/schemas?catalogId=toyota&carId=e7d85f26096e62e1043384648ec63342&criteria=62%2aJTMDF9EV5DD037942%21c16f6b53%24540W%7DZ07%5E4%3CFA40%3E1F7&q=JTMDF9EV5DD037942&branchId=617"
"2","Transmission lubrication system","Transmission, gearbox > Transmission lubrication system","739","#/schemas?catalogId=toyota&carId=e7d85f26096e62e1043384648ec63342&criteria=62%2aJTMDF9EV5DD037942%21c16f6b53%24540W%7DZ07%5E4%3CFA40%3E1F7&q=JTMDF9EV5DD037942&branchId=739"
"3","Transmission oil pump","Transmission, gearbox > Transmission lubrication system > Transmission oil pump","740","#/schemas?catalogId=toyota&carId=e7d85f26096e62e1043384648ec63342&criteria=62%2aJTMDF9EV5DD037942%21c16f6b53%24540W%7DZ07%5E4%3CFA40%3E1F7&q=JTMDF9EV5DD037942&branchId=740"
"3","Transmission oil radiator","Transmission, gearbox > Transmission lubrication system > Transmission oil radiator","1065","#/schemas?catalogId=toyota&carId=e7d85f26096e62e1043384648ec63342&criteria=62%2aJTMDF9EV5DD037942%21c16f6b53%24540W%7DZ07%5E4%3CFA40%3E1F7&q=JTMDF9EV5DD037942&branchId=1065"
"3","Oil tube","Transmission, gearbox > Transmission lubrication system > Oil tube","1066","#/schemas?catalogId=toyota&carId=e7d85f26096e62e1043384648ec63342&criteria=62%2aJTMDF9EV5DD037942%21c16f6b53%24540W%7DZ07%5E4%3CFA40%3E1F7&q=JTMDF9EV5DD037942&branchId=1066"
"3","Transmission oil filter","Transmission, gearbox > Transmission lubrication system > Transmission oil filter","741","#/schemas?catalogId=toyota&carId=e7d85f26096e62e1043384648ec63342&criteria=62%2aJTMDF9EV5DD037942%21c16f6b53%24540W%7DZ07%5E4%3CFA40%3E1F7&q=JTMDF9EV5DD037942&branchId=741"
"2","Cardan shaft","Transmission, gearbox > Cardan shaft","1290","#/schemas?catalogId=toyota&carId=e7d85f26096e62e1043384648ec63342&criteria=62%2aJTMDF9EV5DD037942%21c16f6b53%24540W%7DZ07%5E4%3CFA40%3E1F7&q=JTMDF9EV5DD037942&branchId=1290"
"2","Wheel drive","Transmission, gearbox > Wheel drive","911","#/schemas?catalogId=toyota&carId=e7d85f26096e62e1043384648ec63342&criteria=62%2aJTMDF9EV5DD037942%21c16f6b53%24540W%7DZ07%5E4%3CFA40%3E1F7&q=JTMDF9EV5DD037942&branchId=911"
"2","Front and rear axle","Transmission, gearbox > Front and rear axle","1292","#/schemas?catalogId=toyota&carId=e7d85f26096e62e1043384648ec63342&criteria=62%2aJTMDF9EV5DD037942%21c16f6b53%24540W%7DZ07%5E4%3CFA40%3E1F7&q=JTMDF9EV5DD037942&branchId=1292"
"1","Wheels, tyres","Wheels, tyres","550","#/schemas?catalogId=toyota&carId=e7d85f26096e62e1043384648ec63342&criteria=62%2aJTMDF9EV5DD037942%21c16f6b53%24540W%7DZ07%5E4%3CFA40%3E1F7&q=JTMDF9EV5DD037942&branchId=550"
"2","Wheel, stamped, alloy","Wheels, tyres > Wheel, stamped, alloy","794","#/schemas?catalogId=toyota&carId=e7d85f26096e62e1043384648ec63342&criteria=62%2aJTMDF9EV5DD037942%21c16f6b53%24540W%7DZ07%5E4%3CFA40%3E1F7&q=JTMDF9EV5DD037942&branchId=794"
"3","Disc wheel & Wheel cap","Wheels, tyres > Wheel, stamped, alloy > Disc wheel & Wheel cap","MPCfm7BNaVB3bjVxQU1EQXk4Si1hZ1RReE16ZzVNMFnwn5CTNzk0","#/schemas?catalogId=toyota&carId=e7d85f26096e62e1043384648ec63342&criteria=62%2aJTMDF9EV5DD037942%21c16f6b53%24540W%7DZ07%5E4%3CFA40%3E1F7&q=JTMDF9EV5DD037942&branchId=MPCfm7BNaVB3bjVxQU1EQXk4Si1hZ1RReE16ZzVNMFnwn5CTNzk0"
"2","Tyres","Wheels, tyres > Tyres","795","#/schemas?catalogId=toyota&carId=e7d85f26096e62e1043384648ec63342&criteria=62%2aJTMDF9EV5DD037942%21c16f6b53%24540W%7DZ07%5E4%3CFA40%3E1F7&q=JTMDF9EV5DD037942&branchId=795"
"3","Disc wheel & Wheel cap","Wheels, tyres > Tyres > Disc wheel & Wheel cap","MPCfm7BNaVB3bjVxQU1EQXk4Si1hZ1RReE16ZzVNMFnwn5CTNzk1","#/schemas?catalogId=toyota&carId=e7d85f26096e62e1043384648ec63342&criteria=62%2aJTMDF9EV5DD037942%21c16f6b53%24540W%7DZ07%5E4%3CFA40%3E1F7&q=JTMDF9EV5DD037942&branchId=MPCfm7BNaVB3bjVxQU1EQXk4Si1hZ1RReE16ZzVNMFnwn5CTNzk1"
"1","Steering","Steering","556","#/schemas?catalogId=toyota&carId=e7d85f26096e62e1043384648ec63342&criteria=62%2aJTMDF9EV5DD037942%21c16f6b53%24540W%7DZ07%5E4%3CFA40%3E1F7&q=JTMDF9EV5DD037942&branchId=556"
"2","Steering sensors, units, valves, controllers","Steering > Steering sensors, units, valves, controllers","941","#/schemas?catalogId=toyota&carId=e7d85f26096e62e1043384648ec63342&criteria=62%2aJTMDF9EV5DD037942%21c16f6b53%24540W%7DZ07%5E4%3CFA40%3E1F7&q=JTMDF9EV5DD037942&branchId=941"
"2","Steering wheel","Steering > Steering wheel","922","#/schemas?catalogId=toyota&carId=e7d85f26096e62e1043384648ec63342&criteria=62%2aJTMDF9EV5DD037942%21c16f6b53%24540W%7DZ07%5E4%3CFA40%3E1F7&q=JTMDF9EV5DD037942&branchId=922"
"2","Steering column","Steering > Steering column","923","#/schemas?catalogId=toyota&carId=e7d85f26096e62e1043384648ec63342&criteria=62%2aJTMDF9EV5DD037942%21c16f6b53%24540W%7DZ07%5E4%3CFA40%3E1F7&q=JTMDF9EV5DD037942&branchId=923"
"2","Steering tie rod end","Steering > Steering tie rod end","926","#/schemas?catalogId=toyota&carId=e7d85f26096e62e1043384648ec63342&criteria=62%2aJTMDF9EV5DD037942%21c16f6b53%24540W%7DZ07%5E4%3CFA40%3E1F7&q=JTMDF9EV5DD037942&branchId=926"
"2","Steering gaskets, seals, glands","Steering > Steering gaskets, seals, glands","1070","#/schemas?catalogId=toyota&carId=e7d85f26096e62e1043384648ec63342&criteria=62%2aJTMDF9EV5DD037942%21c16f6b53%24540W%7DZ07%5E4%3CFA40%3E1F7&q=JTMDF9EV5DD037942&branchId=1070"
"2","Steering rack","Steering > Steering rack","924","#/schemas?catalogId=toyota&carId=e7d85f26096e62e1043384648ec63342&criteria=62%2aJTMDF9EV5DD037942%21c16f6b53%24540W%7DZ07%5E4%3CFA40%3E1F7&q=JTMDF9EV5DD037942&branchId=924"
"2","Tie rod, idler arm, cross tie rod","Steering > Tie rod, idler arm, cross tie rod","925","#/schemas?catalogId=toyota&carId=e7d85f26096e62e1043384648ec63342&criteria=62%2aJTMDF9EV5DD037942%21c16f6b53%24540W%7DZ07%5E4%3CFA40%3E1F7&q=JTMDF9EV5DD037942&branchId=925"
"1","Fuel system","Fuel system","561","#/schemas?catalogId=toyota&carId=e7d85f26096e62e1043384648ec63342&criteria=62%2aJTMDF9EV5DD037942%21c16f6b53%24540W%7DZ07%5E4%3CFA40%3E1F7&q=JTMDF9EV5DD037942&branchId=561"
"2","Fuel tank, components","Fuel system > Fuel tank, components","932","#/schemas?catalogId=toyota&carId=e7d85f26096e62e1043384648ec63342&criteria=62%2aJTMDF9EV5DD037942%21c16f6b53%24540W%7DZ07%5E4%3CFA40%3E1F7&q=JTMDF9EV5DD037942&branchId=932"
"3","Fuel-filling pipe, fuel tank filler","Fuel system > Fuel tank, components > Fuel-filling pipe, fuel tank filler","978","#/schemas?catalogId=toyota&carId=e7d85f26096e62e1043384648ec63342&criteria=62%2aJTMDF9EV5DD037942%21c16f6b53%24540W%7DZ07%5E4%3CFA40%3E1F7&q=JTMDF9EV5DD037942&branchId=978"
"2","Accelerator pedal, rope","Fuel system > Accelerator pedal, rope","1093","#/schemas?catalogId=toyota&carId=e7d85f26096e62e1043384648ec63342&criteria=62%2aJTMDF9EV5DD037942%21c16f6b53%24540W%7DZ07%5E4%3CFA40%3E1F7&q=JTMDF9EV5DD037942&branchId=1093"
"1","Air system","Air system","979","#/schemas?catalogId=toyota&carId=e7d85f26096e62e1043384648ec63342&criteria=62%2aJTMDF9EV5DD037942%21c16f6b53%24540W%7DZ07%5E4%3CFA40%3E1F7&q=JTMDF9EV5DD037942&branchId=979"
"2","Air supply system: sensors, units, valves, controllers","Air system > Air supply system: sensors, units, valves, controllers","1035","#/schemas?catalogId=toyota&carId=e7d85f26096e62e1043384648ec63342&criteria=62%2aJTMDF9EV5DD037942%21c16f6b53%24540W%7DZ07%5E4%3CFA40%3E1F7&q=JTMDF9EV5DD037942&branchId=1035"
"2","Vacuum system","Air system > Vacuum system","1042","#/schemas?catalogId=toyota&carId=e7d85f26096e62e1043384648ec63342&criteria=62%2aJTMDF9EV5DD037942%21c16f6b53%24540W%7DZ07%5E4%3CFA40%3E1F7&q=JTMDF9EV5DD037942&branchId=1042"
"2","Air supply pipe for IC engine","Air system > Air supply pipe for IC engine","738","#/schemas?catalogId=toyota&carId=e7d85f26096e62e1043384648ec63342&criteria=62%2aJTMDF9EV5DD037942%21c16f6b53%24540W%7DZ07%5E4%3CFA40%3E1F7&q=JTMDF9EV5DD037942&branchId=738"
"2","Turbocharger, turbine","Air system > Turbocharger, turbine","968","#/schemas?catalogId=toyota&carId=e7d85f26096e62e1043384648ec63342&criteria=62%2aJTMDF9EV5DD037942%21c16f6b53%24540W%7DZ07%5E4%3CFA40%3E1F7&q=JTMDF9EV5DD037942&branchId=968"
"2","Air filter","Air system > Air filter","981","#/schemas?catalogId=toyota&carId=e7d85f26096e62e1043384648ec63342&criteria=62%2aJTMDF9EV5DD037942%21c16f6b53%24540W%7DZ07%5E4%3CFA40%3E1F7&q=JTMDF9EV5DD037942&branchId=981"
"1","Ignition system","Ignition system","559","#/schemas?catalogId=toyota&carId=e7d85f26096e62e1043384648ec63342&criteria=62%2aJTMDF9EV5DD037942%21c16f6b53%24540W%7DZ07%5E4%3CFA40%3E1F7&q=JTMDF9EV5DD037942&branchId=559"
"2","Ignition system: sensors, units, controllers","Ignition system > Ignition system: sensors, units, controllers","921","#/schemas?catalogId=toyota&carId=e7d85f26096e62e1043384648ec63342&criteria=62%2aJTMDF9EV5DD037942%21c16f6b53%24540W%7DZ07%5E4%3CFA40%3E1F7&q=JTMDF9EV5DD037942&branchId=921"
"2","Ignition lock","Ignition system > Ignition lock","1039","#/schemas?catalogId=toyota&carId=e7d85f26096e62e1043384648ec63342&criteria=62%2aJTMDF9EV5DD037942%21c16f6b53%24540W%7DZ07%5E4%3CFA40%3E1F7&q=JTMDF9EV5DD037942&branchId=1039"
"2","Ignition coil","Ignition system > Ignition coil","918","#/schemas?catalogId=toyota&carId=e7d85f26096e62e1043384648ec63342&criteria=62%2aJTMDF9EV5DD037942%21c16f6b53%24540W%7DZ07%5E4%3CFA40%3E1F7&q=JTMDF9EV5DD037942&branchId=918"
"2","Ignition plug","Ignition system > Ignition plug","912","#/schemas?catalogId=toyota&carId=e7d85f26096e62e1043384648ec63342&criteria=62%2aJTMDF9EV5DD037942%21c16f6b53%24540W%7DZ07%5E4%3CFA40%3E1F7&q=JTMDF9EV5DD037942&branchId=912"
"1","Brake system","Brake system","562","#/schemas?catalogId=toyota&carId=e7d85f26096e62e1043384648ec63342&criteria=62%2aJTMDF9EV5DD037942%21c16f6b53%24540W%7DZ07%5E4%3CFA40%3E1F7&q=JTMDF9EV5DD037942&branchId=562"
"2","Brake system: sensors, units, valves, controllers","Brake system > Brake system: sensors, units, valves, controllers","883","#/schemas?catalogId=toyota&carId=e7d85f26096e62e1043384648ec63342&criteria=62%2aJTMDF9EV5DD037942%21c16f6b53%24540W%7DZ07%5E4%3CFA40%3E1F7&q=JTMDF9EV5DD037942&branchId=883"
"3","Brake tube & Clamp","Brake system > Brake system: sensors, units, valves, controllers > Brake tube & Clamp","MPCfm7BNaVB3bjVxQU1EQXk4Si1hZ1RRM09EWTNOU0Hwn5CTODgz","#/schemas?catalogId=toyota&carId=e7d85f26096e62e1043384648ec63342&criteria=62%2aJTMDF9EV5DD037942%21c16f6b53%24540W%7DZ07%5E4%3CFA40%3E1F7&q=JTMDF9EV5DD037942&branchId=MPCfm7BNaVB3bjVxQU1EQXk4Si1hZ1RRM09EWTNOU0Hwn5CTODgz"
"2","Disc brakes","Brake system > Disc brakes","698","#/schemas?catalogId=toyota&carId=e7d85f26096e62e1043384648ec63342&criteria=62%2aJTMDF9EV5DD037942%21c16f6b53%24540W%7DZ07%5E4%3CFA40%3E1F7&q=JTMDF9EV5DD037942&branchId=698"
"2","Disc brake shoes","Brake system > Disc brake shoes","699","#/schemas?catalogId=toyota&carId=e7d85f26096e62e1043384648ec63342&criteria=62%2aJTMDF9EV5DD037942%21c16f6b53%24540W%7DZ07%5E4%3CFA40%3E1F7&q=JTMDF9EV5DD037942&branchId=699"
"2","Drum brakes","Brake system > Drum brakes","701","#/schemas?catalogId=toyota&carId=e7d85f26096e62e1043384648ec63342&criteria=62%2aJTMDF9EV5DD037942%21c16f6b53%24540W%7DZ07%5E4%3CFA40%3E1F7&q=JTMDF9EV5DD037942&branchId=701"
"2","Drum brake shoes","Brake system > Drum brake shoes","707","#/schemas?catalogId=toyota&carId=e7d85f26096e62e1043384648ec63342&criteria=62%2aJTMDF9EV5DD037942%21c16f6b53%24540W%7DZ07%5E4%3CFA40%3E1F7&q=JTMDF9EV5DD037942&branchId=707"
"2","Parking brake system","Brake system > Parking brake system","880","#/schemas?catalogId=toyota&carId=e7d85f26096e62e1043384648ec63342&criteria=62%2aJTMDF9EV5DD037942%21c16f6b53%24540W%7DZ07%5E4%3CFA40%3E1F7&q=JTMDF9EV5DD037942&branchId=880"
"3","Parking brake & Cable","Brake system > Parking brake system > Parking brake & Cable","MPCfm7BNaVB3bjVxQU1EQXk4Si1hZ1RRMk1UTXlNQ0Hwn5CTODgw","#/schemas?catalogId=toyota&carId=e7d85f26096e62e1043384648ec63342&criteria=62%2aJTMDF9EV5DD037942%21c16f6b53%24540W%7DZ07%5E4%3CFA40%3E1F7&q=JTMDF9EV5DD037942&branchId=MPCfm7BNaVB3bjVxQU1EQXk4Si1hZ1RRMk1UTXlNQ0Hwn5CTODgw"
"2","Brake caliper","Brake system > Brake caliper","866","#/schemas?catalogId=toyota&carId=e7d85f26096e62e1043384648ec63342&criteria=62%2aJTMDF9EV5DD037942%21c16f6b53%24540W%7DZ07%5E4%3CFA40%3E1F7&q=JTMDF9EV5DD037942&branchId=866"
"2","Brake pedal","Brake system > Brake pedal","1095","#/schemas?catalogId=toyota&carId=e7d85f26096e62e1043384648ec63342&criteria=62%2aJTMDF9EV5DD037942%21c16f6b53%24540W%7DZ07%5E4%3CFA40%3E1F7&q=JTMDF9EV5DD037942&branchId=1095"
"2","Brake master cylinder","Brake system > Brake master cylinder","873","#/schemas?catalogId=toyota&carId=e7d85f26096e62e1043384648ec63342&criteria=62%2aJTMDF9EV5DD037942%21c16f6b53%24540W%7DZ07%5E4%3CFA40%3E1F7&q=JTMDF9EV5DD037942&branchId=873"
"2","Brake system hose, tube","Brake system > Brake system hose, tube","884","#/schemas?catalogId=toyota&carId=e7d85f26096e62e1043384648ec63342&criteria=62%2aJTMDF9EV5DD037942%21c16f6b53%24540W%7DZ07%5E4%3CFA40%3E1F7&q=JTMDF9EV5DD037942&branchId=884"
"3","Brake tube & Clamp","Brake system > Brake system hose, tube > Brake tube & Clamp","MPCfm7BNaVB3bjVxQU1EQXk4Si1hZ1RRM09EWTNNa0Xwn5CTODg0","#/schemas?catalogId=toyota&carId=e7d85f26096e62e1043384648ec63342&criteria=62%2aJTMDF9EV5DD037942%21c16f6b53%24540W%7DZ07%5E4%3CFA40%3E1F7&q=JTMDF9EV5DD037942&branchId=MPCfm7BNaVB3bjVxQU1EQXk4Si1hZ1RRM09EWTNNa0Xwn5CTODg0"
"2","Brake boost","Brake system > Brake boost","1115","#/schemas?catalogId=toyota&carId=e7d85f26096e62e1043384648ec63342&criteria=62%2aJTMDF9EV5DD037942%21c16f6b53%24540W%7DZ07%5E4%3CFA40%3E1F7&q=JTMDF9EV5DD037942&branchId=1115"
"3","Vacuum brake booster system","Brake system > Brake boost > Vacuum brake booster system","697","#/schemas?catalogId=toyota&carId=e7d85f26096e62e1043384648ec63342&criteria=62%2aJTMDF9EV5DD037942%21c16f6b53%24540W%7DZ07%5E4%3CFA40%3E1F7&q=JTMDF9EV5DD037942&branchId=697"
"2","Brake system repair kits","Brake system > Brake system repair kits","1135","#/schemas?catalogId=toyota&carId=e7d85f26096e62e1043384648ec63342&criteria=62%2aJTMDF9EV5DD037942%21c16f6b53%24540W%7DZ07%5E4%3CFA40%3E1F7&q=JTMDF9EV5DD037942&branchId=1135"
"1","Filters","Filters","563","#/schemas?catalogId=toyota&carId=e7d85f26096e62e1043384648ec63342&criteria=62%2aJTMDF9EV5DD037942%21c16f6b53%24540W%7DZ07%5E4%3CFA40%3E1F7&q=JTMDF9EV5DD037942&branchId=563"
"1","Electrical","Electrical","564","#/schemas?catalogId=toyota&carId=e7d85f26096e62e1043384648ec63342&criteria=62%2aJTMDF9EV5DD037942%21c16f6b53%24540W%7DZ07%5E4%3CFA40%3E1F7&q=JTMDF9EV5DD037942&branchId=564"
"2","Car battery","Electrical > Car battery","620","#/schemas?catalogId=toyota&carId=e7d85f26096e62e1043384648ec63342&criteria=62%2aJTMDF9EV5DD037942%21c16f6b53%24540W%7DZ07%5E4%3CFA40%3E1F7&q=JTMDF9EV5DD037942&branchId=620"
"3","Car battery","Electrical > Car battery > Car battery","878","#/schemas?catalogId=toyota&carId=e7d85f26096e62e1043384648ec63342&criteria=62%2aJTMDF9EV5DD037942%21c16f6b53%24540W%7DZ07%5E4%3CFA40%3E1F7&q=JTMDF9EV5DD037942&branchId=878"
"3","Battery terminals","Electrical > Car battery > Battery terminals","885","#/schemas?catalogId=toyota&carId=e7d85f26096e62e1043384648ec63342&criteria=62%2aJTMDF9EV5DD037942%21c16f6b53%24540W%7DZ07%5E4%3CFA40%3E1F7&q=JTMDF9EV5DD037942&branchId=885"
"2","Audio, video, communication, navigation","Electrical > Audio, video, communication, navigation","1003","#/schemas?catalogId=toyota&carId=e7d85f26096e62e1043384648ec63342&criteria=62%2aJTMDF9EV5DD037942%21c16f6b53%24540W%7DZ07%5E4%3CFA40%3E1F7&q=JTMDF9EV5DD037942&branchId=1003"
"3","Radio receiver & Amplifier & Condenser","Electrical > Audio, video, communication, navigation > Radio receiver & Amplifier & Condenser","MPCfm7BNaVB3bjVxQU1EQTA4Si1hZ1RnMk5UTXlNVVXwn5CTMTAwMw","#/schemas?catalogId=toyota&carId=e7d85f26096e62e1043384648ec63342&criteria=62%2aJTMDF9EV5DD037942%21c16f6b53%24540W%7DZ07%5E4%3CFA40%3E1F7&q=JTMDF9EV5DD037942&branchId=MPCfm7BNaVB3bjVxQU1EQTA4Si1hZ1RnMk5UTXlNVVXwn5CTMTAwMw"
"2","Control units","Electrical > Control units","881","#/schemas?catalogId=toyota&carId=e7d85f26096e62e1043384648ec63342&criteria=62%2aJTMDF9EV5DD037942%21c16f6b53%24540W%7DZ07%5E4%3CFA40%3E1F7&q=JTMDF9EV5DD037942&branchId=881"
"3","Brake tube & Clamp","Electrical > Control units > Brake tube & Clamp","MPCfm7BNaVB3bjVxQU1EQXk4Si1hZ1RRM09EWTNOU0Hwn5CTODgx","#/schemas?catalogId=toyota&carId=e7d85f26096e62e1043384648ec63342&criteria=62%2aJTMDF9EV5DD037942%21c16f6b53%24540W%7DZ07%5E4%3CFA40%3E1F7&q=JTMDF9EV5DD037942&branchId=MPCfm7BNaVB3bjVxQU1EQXk4Si1hZ1RRM09EWTNOU0Hwn5CTODgx"
"3","Switch & Relay & Computer","Electrical > Control units > Switch & Relay & Computer","MPCfm7BNaVB3bjVxQU1EQTA4Si1hZ1RnMFJUQXdPRWPwn5CTODgx","#/schemas?catalogId=toyota&carId=e7d85f26096e62e1043384648ec63342&criteria=62%2aJTMDF9EV5DD037942%21c16f6b53%24540W%7DZ07%5E4%3CFA40%3E1F7&q=JTMDF9EV5DD037942&branchId=MPCfm7BNaVB3bjVxQU1EQTA4Si1hZ1RnMFJUQXdPRWPwn5CTODgx"
"2","Switches, buttons, keys","Electrical > Switches, buttons, keys","847","#/schemas?catalogId=toyota&carId=e7d85f26096e62e1043384648ec63342&criteria=62%2aJTMDF9EV5DD037942%21c16f6b53%24540W%7DZ07%5E4%3CFA40%3E1F7&q=JTMDF9EV5DD037942&branchId=847"
"3","Switch & Relay & Computer","Electrical > Switches, buttons, keys > Switch & Relay & Computer","MPCfm7BNaVB3bjVxQU1EQTA4Si1hZ1RnMFJUQXlNVVXwn5CTODQ3","#/schemas?catalogId=toyota&carId=e7d85f26096e62e1043384648ec63342&criteria=62%2aJTMDF9EV5DD037942%21c16f6b53%24540W%7DZ07%5E4%3CFA40%3E1F7&q=JTMDF9EV5DD037942&branchId=MPCfm7BNaVB3bjVxQU1EQTA4Si1hZ1RnMFJUQXlNVVXwn5CTODQ3"
"2","Generator, components","Electrical > Generator, components","618","#/schemas?catalogId=toyota&carId=e7d85f26096e62e1043384648ec63342&criteria=62%2aJTMDF9EV5DD037942%21c16f6b53%24540W%7DZ07%5E4%3CFA40%3E1F7&q=JTMDF9EV5DD037942&branchId=618"
"3","Generator","Electrical > Generator, components > Generator","797","#/schemas?catalogId=toyota&carId=e7d85f26096e62e1043384648ec63342&criteria=62%2aJTMDF9EV5DD037942%21c16f6b53%24540W%7DZ07%5E4%3CFA40%3E1F7&q=JTMDF9EV5DD037942&branchId=797"
"3","Generator condenser, rectifier","Electrical > Generator, components > Generator condenser, rectifier","816","#/schemas?catalogId=toyota&carId=e7d85f26096e62e1043384648ec63342&criteria=62%2aJTMDF9EV5DD037942%21c16f6b53%24540W%7DZ07%5E4%3CFA40%3E1F7&q=JTMDF9EV5DD037942&branchId=816"
"3","Generator bearings, bushings","Electrical > Generator, components > Generator bearings, bushings","805","#/schemas?catalogId=toyota&carId=e7d85f26096e62e1043384648ec63342&criteria=62%2aJTMDF9EV5DD037942%21c16f6b53%24540W%7DZ07%5E4%3CFA40%3E1F7&q=JTMDF9EV5DD037942&branchId=805"
"3","Generator voltage regulator, relay","Electrical > Generator, components > Generator voltage regulator, relay","806","#/schemas?catalogId=toyota&carId=e7d85f26096e62e1043384648ec63342&criteria=62%2aJTMDF9EV5DD037942%21c16f6b53%24540W%7DZ07%5E4%3CFA40%3E1F7&q=JTMDF9EV5DD037942&branchId=806"
"3","Generator rotor, armature","Electrical > Generator, components > Generator rotor, armature","808","#/schemas?catalogId=toyota&carId=e7d85f26096e62e1043384648ec63342&criteria=62%2aJTMDF9EV5DD037942%21c16f6b53%24540W%7DZ07%5E4%3CFA40%3E1F7&q=JTMDF9EV5DD037942&branchId=808"
"3","Generator stator, winding","Electrical > Generator, components > Generator stator, winding","809","#/schemas?catalogId=toyota&carId=e7d85f26096e62e1043384648ec63342&criteria=62%2aJTMDF9EV5DD037942%21c16f6b53%24540W%7DZ07%5E4%3CFA40%3E1F7&q=JTMDF9EV5DD037942&branchId=809"
"3","Generator drive gear, pulley","Electrical > Generator, components > Generator drive gear, pulley","813","#/schemas?catalogId=toyota&carId=e7d85f26096e62e1043384648ec63342&criteria=62%2aJTMDF9EV5DD037942%21c16f6b53%24540W%7DZ07%5E4%3CFA40%3E1F7&q=JTMDF9EV5DD037942&branchId=813"
"2","Sensors","Electrical > Sensors","658","#/schemas?catalogId=toyota&carId=e7d85f26096e62e1043384648ec63342&criteria=62%2aJTMDF9EV5DD037942%21c16f6b53%24540W%7DZ07%5E4%3CFA40%3E1F7&q=JTMDF9EV5DD037942&branchId=658"
"3","Wheel sensors","Electrical > Sensors > Wheel sensors","781","#/schemas?catalogId=toyota&carId=e7d85f26096e62e1043384648ec63342&criteria=62%2aJTMDF9EV5DD037942%21c16f6b53%24540W%7DZ07%5E4%3CFA40%3E1F7&q=JTMDF9EV5DD037942&branchId=781"
"3","Body parts sensors","Electrical > Sensors > Body parts sensors","1081","#/schemas?catalogId=toyota&carId=e7d85f26096e62e1043384648ec63342&criteria=62%2aJTMDF9EV5DD037942%21c16f6b53%24540W%7DZ07%5E4%3CFA40%3E1F7&q=JTMDF9EV5DD037942&branchId=1081"
"3","Windshield sensors","Electrical > Sensors > Windshield sensors","732","#/schemas?catalogId=toyota&carId=e7d85f26096e62e1043384648ec63342&criteria=62%2aJTMDF9EV5DD037942%21c16f6b53%24540W%7DZ07%5E4%3CFA40%3E1F7&q=JTMDF9EV5DD037942&branchId=732"
"3","Suspension, chassis sensors","Electrical > Sensors > Suspension, chassis sensors","786","#/schemas?catalogId=toyota&carId=e7d85f26096e62e1043384648ec63342&criteria=62%2aJTMDF9EV5DD037942%21c16f6b53%24540W%7DZ07%5E4%3CFA40%3E1F7&q=JTMDF9EV5DD037942&branchId=786"
"3","Safety system sensors","Electrical > Sensors > Safety system sensors","787","#/schemas?catalogId=toyota&carId=e7d85f26096e62e1043384648ec63342&criteria=62%2aJTMDF9EV5DD037942%21c16f6b53%24540W%7DZ07%5E4%3CFA40%3E1F7&q=JTMDF9EV5DD037942&branchId=787"
"3","Sensors of interior A/C and heating system","Electrical > Sensors > Sensors of interior A/C and heating system","733","#/schemas?catalogId=toyota&carId=e7d85f26096e62e1043384648ec63342&criteria=62%2aJTMDF9EV5DD037942%21c16f6b53%24540W%7DZ07%5E4%3CFA40%3E1F7&q=JTMDF9EV5DD037942&branchId=733"
"3","Air supply system sensors","Electrical > Sensors > Air supply system sensors","760","#/schemas?catalogId=toyota&carId=e7d85f26096e62e1043384648ec63342&criteria=62%2aJTMDF9EV5DD037942%21c16f6b53%24540W%7DZ07%5E4%3CFA40%3E1F7&q=JTMDF9EV5DD037942&branchId=760"
"3","Driver assist system sensors, parking sensors","Electrical > Sensors > Driver assist system sensors, parking sensors","1082","#/schemas?catalogId=toyota&carId=e7d85f26096e62e1043384648ec63342&criteria=62%2aJTMDF9EV5DD037942%21c16f6b53%24540W%7DZ07%5E4%3CFA40%3E1F7&q=JTMDF9EV5DD037942&branchId=1082"
"3","Brake system sensors","Electrical > Sensors > Brake system sensors","879","#/schemas?catalogId=toyota&carId=e7d85f26096e62e1043384648ec63342&criteria=62%2aJTMDF9EV5DD037942%21c16f6b53%24540W%7DZ07%5E4%3CFA40%3E1F7&q=JTMDF9EV5DD037942&branchId=879"
"3","Transmission sensors","Electrical > Sensors > Transmission sensors","762","#/schemas?catalogId=toyota&carId=e7d85f26096e62e1043384648ec63342&criteria=62%2aJTMDF9EV5DD037942%21c16f6b53%24540W%7DZ07%5E4%3CFA40%3E1F7&q=JTMDF9EV5DD037942&branchId=762"
"2","Relay","Electrical > Relay","722","#/schemas?catalogId=toyota&carId=e7d85f26096e62e1043384648ec63342&criteria=62%2aJTMDF9EV5DD037942%21c16f6b53%24540W%7DZ07%5E4%3CFA40%3E1F7&q=JTMDF9EV5DD037942&branchId=722"
"3","Switch & Relay & Computer","Electrical > Relay > Switch & Relay & Computer","MPCfm7BNaVB3bjVxQU1EQTA4Si1hZ1RnMFJUQXdOMEXwn5CTNzIy","#/schemas?catalogId=toyota&carId=e7d85f26096e62e1043384648ec63342&criteria=62%2aJTMDF9EV5DD037942%21c16f6b53%24540W%7DZ07%5E4%3CFA40%3E1F7&q=JTMDF9EV5DD037942&branchId=MPCfm7BNaVB3bjVxQU1EQTA4Si1hZ1RnMFJUQXdOMEXwn5CTNzIy"
"2","Fuses","Electrical > Fuses","1079","#/schemas?catalogId=toyota&carId=e7d85f26096e62e1043384648ec63342&criteria=62%2aJTMDF9EV5DD037942%21c16f6b53%24540W%7DZ07%5E4%3CFA40%3E1F7&q=JTMDF9EV5DD037942&branchId=1079"
"2","Control devices","Electrical > Control devices","1084","#/schemas?catalogId=toyota&carId=e7d85f26096e62e1043384648ec63342&criteria=62%2aJTMDF9EV5DD037942%21c16f6b53%24540W%7DZ07%5E4%3CFA40%3E1F7&q=JTMDF9EV5DD037942&branchId=1084"
"2","Exterior lighting system","Electrical > Exterior lighting system","687","#/schemas?catalogId=toyota&carId=e7d85f26096e62e1043384648ec63342&criteria=62%2aJTMDF9EV5DD037942%21c16f6b53%24540W%7DZ07%5E4%3CFA40%3E1F7&q=JTMDF9EV5DD037942&branchId=687"
"2","Interior lighting system","Electrical > Interior lighting system","1116","#/schemas?catalogId=toyota&carId=e7d85f26096e62e1043384648ec63342&criteria=62%2aJTMDF9EV5DD037942%21c16f6b53%24540W%7DZ07%5E4%3CFA40%3E1F7&q=JTMDF9EV5DD037942&branchId=1116"
"2","Electrical wiring","Electrical > Electrical wiring","729","#/schemas?catalogId=toyota&carId=e7d85f26096e62e1043384648ec63342&criteria=62%2aJTMDF9EV5DD037942%21c16f6b53%24540W%7DZ07%5E4%3CFA40%3E1F7&q=JTMDF9EV5DD037942&branchId=729"
"3","Wiring & Clamp","Electrical > Electrical wiring > Wiring & Clamp","MPCfm7BNaVB3bjVxQU1EQTA4Si1hZ1RneU9EYzFOa1nwn5CTNzI5","#/schemas?catalogId=toyota&carId=e7d85f26096e62e1043384648ec63342&criteria=62%2aJTMDF9EV5DD037942%21c16f6b53%24540W%7DZ07%5E4%3CFA40%3E1F7&q=JTMDF9EV5DD037942&branchId=MPCfm7BNaVB3bjVxQU1EQTA4Si1hZ1RneU9EYzFOa1nwn5CTNzI5"
"2","Electric engines, electric pumps, servo motors","Electrical > Electric engines, electric pumps, servo motors","723","#/schemas?catalogId=toyota&carId=e7d85f26096e62e1043384648ec63342&criteria=62%2aJTMDF9EV5DD037942%21c16f6b53%24540W%7DZ07%5E4%3CFA40%3E1F7&q=JTMDF9EV5DD037942&branchId=723"
"3","Interior heater electric motor","Electrical > Electric engines, electric pumps, servo motors > Interior heater electric motor","726","#/schemas?catalogId=toyota&carId=e7d85f26096e62e1043384648ec63342&criteria=62%2aJTMDF9EV5DD037942%21c16f6b53%24540W%7DZ07%5E4%3CFA40%3E1F7&q=JTMDF9EV5DD037942&branchId=726"
"3","Electric motor for IC engine cooler","Electrical > Electric engines, electric pumps, servo motors > Electric motor for IC engine cooler","724","#/schemas?catalogId=toyota&carId=e7d85f26096e62e1043384648ec63342&criteria=62%2aJTMDF9EV5DD037942%21c16f6b53%24540W%7DZ07%5E4%3CFA40%3E1F7&q=JTMDF9EV5DD037942&branchId=724"
"3","Glass lifter electric motor","Electrical > Electric engines, electric pumps, servo motors > Glass lifter electric motor","1086","#/schemas?catalogId=toyota&carId=e7d85f26096e62e1043384648ec63342&criteria=62%2aJTMDF9EV5DD037942%21c16f6b53%24540W%7DZ07%5E4%3CFA40%3E1F7&q=JTMDF9EV5DD037942&branchId=1086"
"3","Windshield, headlight washer pump/motor","Electrical > Electric engines, electric pumps, servo motors > Windshield, headlight washer pump/motor","909","#/schemas?catalogId=toyota&carId=e7d85f26096e62e1043384648ec63342&criteria=62%2aJTMDF9EV5DD037942%21c16f6b53%24540W%7DZ07%5E4%3CFA40%3E1F7&q=JTMDF9EV5DD037942&branchId=909"
"1","Multi-purpose parts","Multi-purpose parts","1118","#/schemas?catalogId=toyota&carId=e7d85f26096e62e1043384648ec63342&criteria=62%2aJTMDF9EV5DD037942%21c16f6b53%24540W%7DZ07%5E4%3CFA40%3E1F7&q=JTMDF9EV5DD037942&branchId=1118"
"2","Mounting material","Multi-purpose parts > Mounting material","1271","#/schemas?catalogId=toyota&carId=e7d85f26096e62e1043384648ec63342&criteria=62%2aJTMDF9EV5DD037942%21c16f6b53%24540W%7DZ07%5E4%3CFA40%3E1F7&q=JTMDF9EV5DD037942&branchId=1271"
"2","Metal fasteners","Multi-purpose parts > Metal fasteners","1123","#/schemas?catalogId=toyota&carId=e7d85f26096e62e1043384648ec63342&criteria=62%2aJTMDF9EV5DD037942%21c16f6b53%24540W%7DZ07%5E4%3CFA40%3E1F7&q=JTMDF9EV5DD037942&branchId=1123"
"2","Seals","Multi-purpose parts > Seals","1119","#/schemas?catalogId=toyota&carId=e7d85f26096e62e1043384648ec63342&criteria=62%2aJTMDF9EV5DD037942%21c16f6b53%24540W%7DZ07%5E4%3CFA40%3E1F7&q=JTMDF9EV5DD037942&branchId=1119"
"3","Torque converter, front oil pump & Chain (atm)","Multi-purpose parts > Seals > Torque converter, front oil pump & Chain (atm)","MPCfm7BNaVB3bjVxQU1EQXk4Si1hZ1RNMU9EYzBOVUXwn5CTMTExOQ","#/schemas?catalogId=toyota&carId=e7d85f26096e62e1043384648ec63342&criteria=62%2aJTMDF9EV5DD037942%21c16f6b53%24540W%7DZ07%5E4%3CFA40%3E1F7&q=JTMDF9EV5DD037942&branchId=MPCfm7BNaVB3bjVxQU1EQXk4Si1hZ1RNMU9EYzBOVUXwn5CTMTExOQ"
"2","All-purpose fasteners","Multi-purpose parts > All-purpose fasteners","1114","#/schemas?catalogId=toyota&carId=e7d85f26096e62e1043384648ec63342&criteria=62%2aJTMDF9EV5DD037942%21c16f6b53%24540W%7DZ07%5E4%3CFA40%3E1F7&q=JTMDF9EV5DD037942&branchId=1114"
"2","Floor insulator","Multi-purpose parts > Floor insulator","MPCfm7BNaVB3bjVxQU1EQXo4Si1hZ1RVNE5EYzNOU0Hwn5CTMTExOA","#/schemas?catalogId=toyota&carId=e7d85f26096e62e1043384648ec63342&criteria=62%2aJTMDF9EV5DD037942%21c16f6b53%24540W%7DZ07%5E4%3CFA40%3E1F7&q=JTMDF9EV5DD037942&branchId=MPCfm7BNaVB3bjVxQU1EQXo4Si1hZ1RVNE5EYzNOU0Hwn5CTMTExOA"
"1","Others","Others","-1","#/schemas?catalogId=toyota&carId=e7d85f26096e62e1043384648ec63342&criteria=62%2aJTMDF9EV5DD037942%21c16f6b53%24540W%7DZ07%5E4%3CFA40%3E1F7&q=JTMDF9EV5DD037942&branchId=-1"
"2","Cylinder head","Others > Cylinder head","MPCfm7BNaVB3bjVxQU1EQXg4Si1hZ1RFeE56YzRPRVHwn5CTLTE","#/schemas?catalogId=toyota&carId=e7d85f26096e62e1043384648ec63342&criteria=62%2aJTMDF9EV5DD037942%21c16f6b53%24540W%7DZ07%5E4%3CFA40%3E1F7&q=JTMDF9EV5DD037942&branchId=MPCfm7BNaVB3bjVxQU1EQXg4Si1hZ1RFeE56YzRPRVHwn5CTLTE"
"2","Cylinder block","Others > Cylinder block","MPCfm7BNaVB3bjVxQU1EQXg4Si1hZ1RFeE56YzVOMFnwn5CTLTE","#/schemas?catalogId=toyota&carId=e7d85f26096e62e1043384648ec63342&criteria=62%2aJTMDF9EV5DD037942%21c16f6b53%24540W%7DZ07%5E4%3CFA40%3E1F7&q=JTMDF9EV5DD037942&branchId=MPCfm7BNaVB3bjVxQU1EQXg4Si1hZ1RFeE56YzVOMFnwn5CTLTE"
"2","Rear axle housing & Differential","Others > Rear axle housing & Differential","MPCfm7BNaVB3bjVxQU1EQXk4Si1hZ1RReE5URXdNa0Xwn5CTLTE","#/schemas?catalogId=toyota&carId=e7d85f26096e62e1043384648ec63342&criteria=62%2aJTMDF9EV5DD037942%21c16f6b53%24540W%7DZ07%5E4%3CFA40%3E1F7&q=JTMDF9EV5DD037942&branchId=MPCfm7BNaVB3bjVxQU1EQXk4Si1hZ1RReE5URXdNa0Xwn5CTLTE"
"2","Disc wheel & Wheel cap","Others > Disc wheel & Wheel cap","MPCfm7BNaVB3bjVxQU1EQXk4Si1hZ1RReE16ZzVORVnwn5CTLTE","#/schemas?catalogId=toyota&carId=e7d85f26096e62e1043384648ec63342&criteria=62%2aJTMDF9EV5DD037942%21c16f6b53%24540W%7DZ07%5E4%3CFA40%3E1F7&q=JTMDF9EV5DD037942&branchId=MPCfm7BNaVB3bjVxQU1EQXk4Si1hZ1RReE16ZzVORVnwn5CTLTE"
"2","Front drive shaft","Others > Front drive shaft","MPCfm7BNaVB3bjVxQU1EQXk4Si1hZ1RRek5EYzFOMEnwn5CTLTE","#/schemas?catalogId=toyota&carId=e7d85f26096e62e1043384648ec63342&criteria=62%2aJTMDF9EV5DD037942%21c16f6b53%24540W%7DZ07%5E4%3CFA40%3E1F7&q=JTMDF9EV5DD037942&branchId=MPCfm7BNaVB3bjVxQU1EQXk4Si1hZ1RRek5EYzFOMEnwn5CTLTE"
"2","Brake tube & Clamp","Others > Brake tube & Clamp","MPCfm7BNaVB3bjVxQU1EQXk4Si1hZ1RRM09EWTNNVUXwn5CTLTE","#/schemas?catalogId=toyota&carId=e7d85f26096e62e1043384648ec63342&criteria=62%2aJTMDF9EV5DD037942%21c16f6b53%24540W%7DZ07%5E4%3CFA40%3E1F7&q=JTMDF9EV5DD037942&branchId=MPCfm7BNaVB3bjVxQU1EQXk4Si1hZ1RRM09EWTNNVUXwn5CTLTE"
"2","Front bumper & Bumper stay","Others > Front bumper & Bumper stay","MPCfm7BNaVB3bjVxQU1EQXo4Si1hZ1RVeU1qYzNNRXPwn5CTLTE","#/schemas?catalogId=toyota&carId=e7d85f26096e62e1043384648ec63342&criteria=62%2aJTMDF9EV5DD037942%21c16f6b53%24540W%7DZ07%5E4%3CFA40%3E1F7&q=JTMDF9EV5DD037942&branchId=MPCfm7BNaVB3bjVxQU1EQXo4Si1hZ1RVeU1qYzNNRXPwn5CTLTE"
"2","Hole plug","Others > Hole plug","MPCfm7BNaVB3bjVxQU1EQXo4Si1hZ1RVM01URTJOMEXwn5CTLTE","#/schemas?catalogId=toyota&carId=e7d85f26096e62e1043384648ec63342&criteria=62%2aJTMDF9EV5DD037942%21c16f6b53%24540W%7DZ07%5E4%3CFA40%3E1F7&q=JTMDF9EV5DD037942&branchId=MPCfm7BNaVB3bjVxQU1EQXo4Si1hZ1RVM01URTJOMEXwn5CTLTE"
"2","Roof headlining & Silencer pad","Others > Roof headlining & Silencer pad","MPCfm7BNaVB3bjVxQU1EQXo4Si1hZ1RZME16SXpPRU3wn5CTLTE","#/schemas?catalogId=toyota&carId=e7d85f26096e62e1043384648ec63342&criteria=62%2aJTMDF9EV5DD037942%21c16f6b53%24540W%7DZ07%5E4%3CFA40%3E1F7&q=JTMDF9EV5DD037942&branchId=MPCfm7BNaVB3bjVxQU1EQXo4Si1hZ1RZME16SXpPRU3wn5CTLTE"
"2","Seat & Seat track","Others > Seat & Seat track","MPCfm7BNaVB3bjVxQU1EQXo4Si1hZ1RjeE9ETXdORWvwn5CTLTE","#/schemas?catalogId=toyota&carId=e7d85f26096e62e1043384648ec63342&criteria=62%2aJTMDF9EV5DD037942%21c16f6b53%24540W%7DZ07%5E4%3CFA40%3E1F7&q=JTMDF9EV5DD037942&branchId=MPCfm7BNaVB3bjVxQU1EQXo4Si1hZ1RjeE9ETXdORWvwn5CTLTE"
"2","Caution plate","Others > Caution plate","MPCfm7BNaVB3bjVxQU1EQXo4Si1hZ1RjME16VTNNMEnwn5CTLTE","#/schemas?catalogId=toyota&carId=e7d85f26096e62e1043384648ec63342&criteria=62%2aJTMDF9EV5DD037942%21c16f6b53%24540W%7DZ07%5E4%3CFA40%3E1F7&q=JTMDF9EV5DD037942&branchId=MPCfm7BNaVB3bjVxQU1EQXo4Si1hZ1RjME16VTNNMEnwn5CTLTE"
"2","Wiring & Clamp","Others > Wiring & Clamp","MPCfm7BNaVB3bjVxQU1EQTA4Si1hZ1RneVFUVTVNMEnwn5CTLTE","#/schemas?catalogId=toyota&carId=e7d85f26096e62e1043384648ec63342&criteria=62%2aJTMDF9EV5DD037942%21c16f6b53%24540W%7DZ07%5E4%3CFA40%3E1F7&q=JTMDF9EV5DD037942&branchId=MPCfm7BNaVB3bjVxQU1EQTA4Si1hZ1RneVFUVTVNMEnwn5CTLTE"
"2","Switch & Relay & Computer","Others > Switch & Relay & Computer","MPCfm7BNaVB3bjVxQU1EQTA4Si1hZ1RnMFJUQTBORVXwn5CTLTE","#/schemas?catalogId=toyota&carId=e7d85f26096e62e1043384648ec63342&criteria=62%2aJTMDF9EV5DD037942%21c16f6b53%24540W%7DZ07%5E4%3CFA40%3E1F7&q=JTMDF9EV5DD037942&branchId=MPCfm7BNaVB3bjVxQU1EQTA4Si1hZ1RnMFJUQTBORVXwn5CTLTE"
"2","Windshield washer","Others > Windshield washer","MPCfm7BNaVB3bjVxQU1EQTA4Si1hZ1RnMU16TTRORVnwn5CTLTE","#/schemas?catalogId=toyota&carId=e7d85f26096e62e1043384648ec63342&criteria=62%2aJTMDF9EV5DD037942%21c16f6b53%24540W%7DZ07%5E4%3CFA40%3E1F7&q=JTMDF9EV5DD037942&branchId=MPCfm7BNaVB3bjVxQU1EQTA4Si1hZ1RnMU16TTRORVnwn5CTLTE"